79e47e184d925d847c904b67ff3ea157e7d7854233627f4cd685606c2c7659,407
6ae8e6a641b9f6bc708464cc3cc076f91f726d8afdc139b099220f4e2abab,445
4377d2a3d0be0aaa830c9d83c9f891dc68382691477e239979924963c0544b,305
e9c97656a554385f76e7f969c1ad3a121b7a17171b1223b9435e98495ded080,606
c768ddba9985171d49535372f1d436ce8593687fee3fd73f6eb4ffb26e3647,610
172bec37224366bea87e9c1ebfa914b877141a6b3bf19eadea1fbc3828f282,640
9f463fa2589ee3512a71c9a7db3acdeb821c92488bd9fd91fb3625c2e3b4,457
2f14c1a1d733f948298ea4d61b291834ad1286ed878b5deb5cd9e82cf7d546c3,1246
6429d5418b41139f3797e4315d88785ee9dcb5f65e1ae155f1daf532688d2a,511
a3c6c18eba86f867dcab0d54168873037b44734fd37d537a48e4015a9d016,576
45205316df8765cf61cd548f06c4894f92312bfd4be51aba9060752bbb32a7,581
cdc85a848c8bf9345892e2a688f83a3f4337996286d484de07b93e7a3235fe,346
6996814e89ef7f587d1994d699dfb44175806d2782048a8171d8936405623,322
507e730acb4f12a13977b30272033fd65dd2fac34554937113ade741561f17,452
c2e6d5e2322b55797134e979226873e5b2055f5add83e2bb8a9d52e2bb422,271
35b9b77346b024d44d5c6bffc329a6fbd60dadf29dc44907e2ef3dcd788f9a0,277
bcb210e551e7fcf9befdee964ee2fdfd74e675ae3755535cd68fe6546694e,1310
c5a9726e950f38cc7ed149b216e8b6372b5b8b3ac892231992578defec44bbd,335
f0b4a5bf55c8df201d6bde72968c97df4ac8b80e9b6c8dd9c2e74b86afeccca,1236
d33e68b6a72f416a480c97b5506f10ee634afb91f22fa25b8983df3a0ff6d,505
9b7ed82dda5f49508ff9f0fc7a189f6d94805df047fe5b47a9e4cf8f7f89c4,486
df796cd8558d7d4b512556f851c420a12b5b9eac79424a3b7d095e2cc25ccd8,615
7d99a6a5bd50886228802a0407de16fa34b2f8bfcfd9cfa55a643dad81dde,438
76c308bb0731bd2c677b3483fd5779face6b6104f25770237f46f8e9aebcf,452
be32c45274aa5483995597cb2c950fa8851d7b7eb41e24c56f35f748d31180,435
2ed8ba55f965c75a1a1a751feccb8d777ed3e6c3e1f61eeb31c2124baf41f4a,427
44bc612a257ddf30f9ea8a144621a2da46449e76fcc9243f35d3eddd258bb712,344
32acf4491df3913fd17a32f9d947f2ca889c7302a70abe995a76cd9957eafe,438
ac862ba6abedbb2342e871b117d62aca98114647c4c4635d3c44a7b26232,1293
9e88b93539c149cf3e156c429f26fbcace395c7e0e377879e628274cacb456d,403
908ece7827b743661ca833cf9b7c66d8399404432713337b85d92099bc8877,374
ca58528d1bd16f9223badc3d7782459f162ba1b89380cee669e82b3aab95881e,297
11c15057522bdad960eaf7e710f8c296671a56f1a922fbf679aa36a992116,377
ced85a9376bf568857d52475447ad5ef967236949144eada67738d8d8fa4d,529
893dc31edb57b10a9816fb136755bd23e437da9adfedc9b267fdee3188a59ef,931
58cdfd41bf97da8f48f59de71dbf76541b992e30328156c0992e6ff3731e959d,315
47c858a0dfe6a91db7255fe91f5cc37c4db5afcee2f7a8677f1c0ac7c70,397
e7fc15c8f27c44bb493b96d9e7a3d721dda5f9238ca717295ab22625ab222,392
7a47f6fc279f369e191b397e7887c222ba3ddbc8c06fabe7989d2719f63cb1c9,274
d41bb34f2b5c72a3147f3bfaf7177fc241eb2966b25a2f673e34bad3e7fb497,546
5468f5415ae7afc211789eab594bad502db238e7c557bfe9d96c9eec3a4e74,417
3e8963d336ee2afcb3551df62e7da22c46abda4b88154150cbebef8694d8939,369
a8aa2df2d88319d7379de7177eabe79bcaa3bbb310e76338531ba0e5ff4c7,282
e8f7588e6ba72e9bf8d767419719244ccd1fec684d6d7f4c17d8dcaece7fe,521
902f8d2416f470d040ef4629e0d536cda82be302a6e927a1a2367a4fffb788,746
1735a3f4ff4529e2453d26276ae2916674e7ea2763df467b4a2439154ff179,344
7a10f1a70e7e016d4d82bfd7e79bcb16256bcc2078c4dcefe28c6e53396d5d,388
c83cc2dcba983f87d64279c320ba946cf465761342cd91b8f161710967b33,365
9f62dc203e2bce72247b5c1a2cdca80895ed519cbd2bf73f818956ff713595,604
6b8f2fd5111c8c309b103ee6e7568ce5894cafd61ff33176533b427343eeba4f,275
698569cba23f3322e24e8f4c41adbc665a490f27cce71ab514dd8a2287a60,271
4980fcfec9a05a3d5afcf7d372b9f55e03150e7333176aa38ed812f8a2c4e,581
2f162b5a42750a9e4f14e9f66b4d5c5c13358f82d7d1231169c310d18bfe,413
a264f84b27769c1b6eb23815748cc1b8ddc98f9bb9bd39e7db995bd1851e121,415
6a14f4ac86f1a16186d54df931d5f68956df9c2029cd99959990f145e71fdaf9,1265
7a40f2eb18ba610707ccce65b5cf9d4858a66d1040f1f9bd67a7abfef07bc3,303
bb6c936e552c1ddcb4396f3a8f43252746c257d02381649ddb182bf4fb87e34c,284
c5dae6df278dced7eddc8a7c6fc10c71b2f15e619526bcd85a9fb10e6e01828,610
ea72dfabc96ba949cea5f1948e5e79338b78e0792bbe1650879f37eccf2c3b72,577
8d87061f5802fd2c59e3c8aa9ddb9b76fab7b4bda6070e944614fb0ad91f6ba,484
f5355441e4b3c7b55c2ca12643f8e38b2d2747072477798bf34e37f5ce889,439
52a34c7d5617e6e74c0f74e9dfd891181e7902bdd8c446e58bef93650326990,1337
bb78e652146a5e1cab73362e1c7fcbd8f7bc4f8c716996567df4a81173917,619
d37db74c47442756d5ffc94c6965c1e907440ebf9fc36898d62995f1eb87c7,419
4fa8145f5b58d3e145d6ff5792a0cbc63fc13851dbc2c5321a037a532010,337
c83612fba5aa55d4d2d2229050289b89901717b83d76810ac80115596a07ef6,275
88a6b51de14c3fa0f91fcd333e4ae89e245f5199ebadd53f6d76f0ac7f9f8f,548
ec65d8e7974926edfc30a810735dc05975365803f35d1138c9f2f692897c,310
e9a3e4c09e9bfbf5a39112a2dade543debfab294c66a090a9d858f2c2e6da39,475
e2fea3b4884325fe983217f37de30966b57c6641b28ecacf78264aeebcee338,609
992b24f378124f8f11529d91b34e89aab97f0a3d91faae2b31567a863ba6d66,415
5036b5178397cc8a97a18ee86fa14413f255f8e1d1a68aebde0d8f8eca11cfc,462
5436f4ed11469cf5aa8430c8cee4e26f6e465a48cd99b7eff35d1aec10dd8530,484
5bd1e328c2124d8e269339ddd1ed222d94d41929aaf3176d0df1b6c9e6e714,1291
2143f040c6f52095da8eb4f14958ca99be6fcd32d4588087fb9442befc502322,336
62e81beb906e223dfb18f34a277151b4233435f5d5587bca569853955c7b3a,403
5657ab7dff7052aa43d9e7fb482f41db276e28b9aecb682bb8139f7677ac648a,336
3cbb6012a35058a0bcf0931dbd6a53fc8933478bd1b7cf13126623432f974c83,537
ef5f953aab7b7fe6f96d6b2e380fb58e341de4c927e5ea993122826de4852,443
6ef157bd2f762ba9c0aabf6a838d06a18aed18a72fe1b273eb4cfa3ba6fbc,612
3b65cd482713da2b125a58aeb775f5a19ac38ed840adb4da0c78df62855f1,427
81f1d984976cf80fff3b1f44c98ee23b6c768d70ab2123cd77398218df0bf,921
67686f07fae64da0df8c7861a5e99316fabd86f6b1a21a687456776798e3,387
3af4fdcc271c4615a1fdfb1db53a1b84d75045b465b94a9449dfaa239c1d2ba,584
973db773a14061b783c39419eb5a4035413511babd02cde152293bf644ef,289
ae4fb277ae1ca411829bf5df8a538eb179b295fe965b79e113ff6dbd12577ec1,562
e61bd6e2a26b66c050af1997037ffc1e9a9d63d2eef87d12e6f41ba587012f,320
91d855ba5def3944c1fb16d7673c5fa732db9956f6ff8284911222c3d57f307f,363
e8a3d6d6ef379f47b2c227e95d23b4bb0927724b47f9d968aa87b86b2d922bc,516
ed89fbf59c4fd6d23285e1f220222dfa1f719ab4a7dca59a5f4c346c976,668
3638757473432f5f5fd020e5fb819aea818acc63e4542a0b0351114ebc999fd,354
de25c463bf1fb3deb06c540e33f569768f9d938f65e54306e4fe976afbd1f6f,576
f6f182d4a2522ae0968a9d6bbe13e2b2eadcfa1cf1cd570224a308ee95acfe8,455
854d5d948242caefad15991a31cfe4417af75ac6cf3af481d5b5c852aecf916,526
167edc223192e2844bfa542e2c222d21271b60647919f3d89b4670aba6cffd2e,510
b2a675ffbc7e4b7721d81cd91ea67d0ad8c1ee88a35ad54d59f95aeea5dbe3a,349
84adac1b3bfb5e7d365abb9c3d93ad8860c116ac15ae94c2aedd9773d7d4,275
26cc4759c3c1b1a56b93a633bf7c0a8bcb908fc2144324a77213c76c61ac,1289
e1ef84299f426b7c108ff88119ced3e226c6f97098e10f17e5fafe080a62f7,654
c1de4f2774ea2c43a3ffed9988df787c5bf6312adaebbfa71d91be99973069af,277
e5ba55ba579e14ab75dc6375286e12514a1a93c2763b26533770977cf2c780e1,1246
df79634168d2e9b6f0dae5c544f87df76865fbd1ace3dae91bdffdf756545c5,411
f736878835464015e0483e9e35e85873414185798eeec6736b457b8fa8ecac7,481
b2c2ef7439e0877b2be0916a30d371ba98ab381efc22206bb5ba5b8943f7a73,280
cfa472a924be49a0fbd66fca3aeba456ff81839bc361b0f51fe02818d61c794,322
e777df43493d05d325c8e92695345781b6a457b13ac88b6db35b7a3d48ef8a,512
f1448b623f79b037ca81292f0967979548d351791fb6bcfc939c98d31e24936,294
671d9523b8889ecfe5e3efcb8e17c2f498b5caeb34126228885c9b15413813,356
7ba96ba1a1a9b6a6c2b8deecf07f26c1b5187f7ace6dd498c58a61f48e1388,324
3b833853a9b1496e6d69e2218a91d336ef59e5762a80adff2623298fb,400
efd664dccb2ee28081bd8c8942fd258b149e3334157541d63b8774d9a2dee46,494
4def2a2e637ab13d57ae48d6861f5ccd552c8140b46591903961453ea4523a38,281
e0c94853bce04bfda6b3f4eadd16c4f4825461cb88df641585c378839cfddcb,379
a6204b3195519867bd3e495a5a6bb8768e168c79ec6a426b75a1eacec9a1680,1317
51b85c4aa2ce88e84c74330d29c97e1c132e26774606016e69c2a1d956180be,440
aeb0854d5c726f3aca36a41672d9c384c72686a59b4b477c1f592469d7354df,270
204295b2aea155ffd2a2e8abfa8320de452eb570b0820a1bf463ab6562d79ca,557
c46ec7ea7d9af7f5cd60d19bfa8a72aedaa319da46bfbe23e81992b94727296,292
d1741ddafe8015a3b1b8f5d2330fa9d2a9635be6c652cd804560b03152310,290
2492a1341ea90664a313b1f446f32d71b3d6dd08778b786579c33dc9585fc,307
86862f86913bb8385315d79783f88a9921c166ad36616c68bf7ffe2d44572b9d,337
3158ee35cdbab8fe7eeb38284ccd79534b741b592aa4d4664bc430519f5ee,821
6f5be445c9362e31eb781dcf6e55a206a6624dc3b514dedd3147c392a35d4,493
5be4bce9bac185b04851841c56c5786cb0c7526a6c17cd3e2f51b84338fd0f,768
f7f1e36adb3aee3cbed164d37faab5366ded49f77b931f1fcf10aad49486840,294
cfa013781336fe919277321aaa2d7d56392f9e897d961651e91de488c30d66c,426
faad4d2d6a86159eb8f1bac3f36d7ce148f55f908af966b2351092c1c4954b,349
8a7862551f8f1134ab8e4a9c4d3fdf2498ff235b98f66f7aec42ead4d558abb,514
873e2d42111724c8479c52af475dd188dfac9a364fa87141a0e05c538262595b,748
a84b9230d5abb67aed609b5d7c7781b32eb7209a4ff92eb9ebdc4f818ad7ac1,647
96a427cfd1766348cf3ab95bf06aa51ce81476fc5d231158ddfe8ddef98a464,331
9dcf7d4ae62ee184af936a5c26b717fe3e9d07adfece7e9aa3cc4d5b963e475,588
497be8478265f5727a9d423c28f4cda4c37162e515518863c5af2510d65450,341
1823fccf9e2d48ae8cb7967bf44e6526cc956394965b39374f37ccc552167bb,331
b18f434c13265559c29f5b82fc9f5c7c353611be20ebffda6174f16ddc2cc2c,418
62e1eb2975897caf610f4ec4b13b9b751ed12a8d122c609f3a69dc4ae887,270
ea6344aed470ef88aec0b612df9d5fd7e21ce808b10a23dc3f72e74563d57b,404
b33daf358948719a36622a1faa764e71665b6c3cdf4222bb5f930857f96753,284
8a1b6c226eae7d90ed3783b6e4ac8d96a65ee22ba68b39a26cffdc68d92e7,403
2bb3b185cfb696f35c3b72b2a7a1ef58439923d493b22ea7172c3c3702c479f,473
73d7b21617a14fa6b64e7d81fdc56c2c7164f4849a20a9a495f67784210b5,271
109183f7cf44835a1f43423c1dea676c752935a6ade0356ef44ccc621bcde92,601
59d59a8972d34ad49f74988df38bf54733bbf62077c3459d28edf36a4b4572,280
b47cea437d8263339614fdd6d7d332f83f1ef2a7bd14e5686f4d97ed5d1a15,384
531eaad8d6c24452b663771f7a19576d50db3fc068a022ab239ea19bcf948cc9,439
111e39c58d328db566b6b214af15fa18d9f76e9cb0dc292dcead42010167b,307
5712393de88b8137fa21ecc1417c8ad7a118cb1ddf34bb4bdda2ad38cabf5,451
89b0a73ce15852b7e22dd497583fe7666412aecd15c2c97986a6b9e1dbc61a2,293
56b0956979c37e149987648ab2c0399c3a9960a9d1b70e575173014f3376fe,330
d199747cfbbf5c9ccf599fbca4f4badadb273d746b94efaa543a927ef89b2a,391
ec11aa3c46e1565d725df54d943d0d03c652ff7e5517674588b8fcc35ea61cf,326
37b69b321eef764852b953df6dff963c11ce5b2c3f56842688615ca35176a4b5,452
a37f177c20e640c8ef816b54ead3df44fc070186f616d36bff6bcd1167b5,355
a9ef8efd753aa8f258824da49ffecd11d3ba7fa31a68722c1b85eecd70966,781
45668316edcdb14412fb101575243273aea685b5d549ae563e1484ba33a9aa,729
853de0ff7139796196755dfb30ab6af7253912b315337bc0b0d7263c41bab4d7,582
c5f12e7afd30ca1212239f8be4209b101442c2a0a7e713922e20dde786739340,425
c07c8e3327a02d2d2eaffce6ee2ef736a02db2eac82effa7f2fa6c9bc1ce272,344
ed29dbcd3f15e03e97da42d28151b8ddef09f42d53575dfc3cbb915a169235b,368
2225cb9f5204bcf113f7b37a0fe19ea8d2d40c3a98f5cd17465aa73867d80,534
ecb5a8e8b5df48d17c333ee99d1b515b43bdb4503ac34732c8d16478e2a7222f,517
e3f6de6624258c4332f37d383a94563018f8a5782626671a977f59c24748f,360
f1e28e616a8032be74846c459c5c129fc3edc762bf5f7986e0555cc2a0421b,469
a4d53eddf7eb01bb44bb3c0fb96b23d986da9e07f41e81f3f53139e5f858,1258
2f5fbc1a85b82a1d56efb07df853e9ceea396929c2b9c311294914c2b8f9a41,339
e3aea0eb3e198f9bc04eb91f4a11da836ebdbe5baccbc41e4ddd117c564ff,411
8ab64ef536a5dc08de0c1b0679157c668668d98e21b8e62d09e335ea8877b5,274
6cfe254af6a854f80f723df65a9d2e37fe66a7abf7e98aca7c485e830d5ad,377
3384f22aad6cf9615e52d8c89fbf8d78781fe8bdb477d482c71db9a9148e60,281
c79046d830525f26418f5cc115adb2cde5a6b3e8c63aa52f51a0d37395125cf4,734
2f15eb208d30bcd442ebe93deb29bbcd6b5ce649d43b214f838a2bb3f38e,292
9daa368646d7c0c4faf65f7763bff47f5d4e2fcde2a721eb984454a9c411b872,1300
d2b6e97d0421616723d6a0451160332d9a6668fddaf38a146b111293e3c91a,370
fd84c9f2de86952d7144d0f61fb0527724ba564962f6f265211cbdcf8881fca9,952
feb1adfd8e851fd945cd07360c03f62fb219f33e91f5bd187209e5eb7c28ab,335
d64e74a433a416344cd4d6461ad6d6cec8a42fe201c47db3d44b5f86aebcf40,283
1beee9dd6d36bdc64df27ba3facbf4e6987bde1d9ff22daac273e6286ac65d,400
52842d5b4cf6fa684bb1e415dcbabf883fb4a991b5cb96815070fb58709c6e,349
e5c3522f6d888f6e422ec181e2a3aff23cfeaa37a23a999e908afff22e99d,325
de3d64f5f6e8f209315206babd6721ae38e0ee99573aa3f59d89ec852ce2,282
4d6e73df0e3e2ac3223cdae881ee94a0bebea86971b62f37cac16dcf93a0,347
69ecb53fa37b77d6f27e2078b7bc5cf68688c5d11c2fdb4bd6595f3db76e248c,690
6b499bda9778c3a5f6afe972a8585ff91de9f4c525e1de3a4b7bc937c20d5,347
837871606313ceb6f56ccd588e545bee731a39db150abfef75885cb414f7d,361
ad863273ace89f523947ba61edc84459d6da7f2e1d93939f5b5c964471ed4,444
c00e413ce465e24e190fcc18a70ef1c59ac45fecc40e17a9cd5089d04a6f,509
97856c129e3dbff0c29ec83092f25b33c2c12b423a534f412d669612a74ed1,327
7ff9d46ee992c9eab06dd11fa968ee103a1964891737bb4c48d54383f3a620c7,356
d8eb6b5335eb1765417f0b082bf8b5799ca28ccddceb5ef4ec4cf744a625bf,335
f4ed3a34e0fd6faaebd98e184146b6189977a198a863834767f61f45c279828,271
588874e96c1de669160b945f4764cb093130b5e3289bef3358f6e95a28a5f,444
8386b734cd18fe8f28c53d786414c2921d3486abf2f754a4b68c4c917b7be,399
4531fe2edbaabe1589f8c630a831467db3b60f6abceda3262a34a337a552a,1255
1a10eaa983b0efbdaeaa4b5c182bdaaade3eec2f5a5c4a77d44e4a3487c748b,1287
8456dfedb57de75d08317908c8724b6f4dbc6f0499c2f109fb2bfc7b92f83d3,491
48b4cc770645236c1af7f28cc2d2a885e464d79879aa1044f41a7d1effb5b2,579
562f1a744d74d2421dc02f2749f26ac47e0cb27a6e54411f6a3e72d5a4a3e31,456
74d2f41c8ea8de82d8c12b4d439b739e837bea1f6727326759781e6a892562,301
298ea330ca53e2b135f3b7b1e67bbe56f169df526c9f8f3476bced6c3f9ab9,959
ccbd4c598e60bc216f24e459b193b441d0e31be5e0418239b2127c181464aee8,522
c0390b63c598ef761e769123df8bf5b171b762b0a4eb93e2f6e93d7092a6c9,1193
e18c88eab42bef186ace1a45bd173681ec72d3cefcad296650e1f8dd4237,610
3f1d11e6c46ade293fc4efad4ff279a8bcef77bbbc6339e42b82ec5645ae37,301
3b33cf591be30cfceef28fc826e81b56d7a239f7cfac7b70a9c6158d27a5cb,832
e96858b47063212f8d7226f87538cba54fb4a7a982fe36cfdffa2452dbb266a,299
df8fad29f2ea5845a51f2bb818dc189d73be3344bf9a9b87689d8fe4297334eb,282
7d331a41c9c2df96ca10b2f7c3bb972a6641f144fd9530e96bffb46db0ca401f,482
e2fc2ad572194c7725d7e96427a1166cb426f37e603828cb651cd6376a25f5d,463
b5963feec1b8d6761e9cd7edb6ed1ddf4a3448b1459349edb9d912cb1bb612c,306
74c1398fa4ed7856c8ffbee867f29ab7151c9baa8a98242b5f4e1080f53c,515
ffd7f28cf73736c2a7e0fc5989afefa722c5ed5cea16171ca7c033ffed6efd,519
9e14dc9649caf540ce54bcbf4fa6286c7efd24c88ce3ba91b6aa89b9eddc10d5,293
f01e9f5de844acc8f54fc4b2df9a5af03d429e633fb6984aa796de5db44b2c51,434
5c1674cab2444ad4a4cf6cc2a590e816282bc5fca5d9acc940e868f8fbde60,307
cc989e5f14e390659b7ef9351fc3dc5ab8cdae75be465538e3f0f21d3c4ad,277
cc8e7de9c0329a8d3a6fd7d0a3e4d71189244909ade65ce7f9b20bf68d61b81,444
7d601955e0627085956034134c4efc909895315f76a88fec7f61cf98efaff8,388
748cc8bff8cdc349e165964529fe9919cfe81e395141ade224561a0f5ea,469
5c5d96e6ccdb598fbccc94a5d8f171bd2a1bfb58149cfbcff55e013da43,313
cce050cb95f39b546fd682e4bfa3e52f8ed5147fa1797d9c77424a2d4ba045,276
7534751d64cb3862af576d9b8f6852d2cbae8f0d6c1cd3db955757bf5f26d42,290
51c53e1b185952e7927c58e74952cb996fd5a9d423384b4c3822e721351a6fa,1311
95302390ec3c737c6b2c75ab8a4b3073ce3c4a4275e1ea901184ea6b6f7099eb,1200
b8655aabaa3afd551e8ad2787111c804b4fdeeff23b253db69be5acebb343e,782
c199e4f455d2af541bb2fe40508db644ea73feb4d9ef736db24a245ad4319c8,440
11ebcda8e54fab42485e41b2dc592f8f62e37fbbfd7c350f8ff8db0e78514,287
a0bf38636eb45e36ba76f9e224a98e72157a9db8f7dc7ee203ac01148fa26,296
946fd850f3491767c46a478a5c96308c30f24dd77168a8b87246ddfaeebac,701
506fd24d59edb629b7d5b2053c4673ad8479952324c92b7dc12936fc2cb4fcf,289
fbc8803863e788d45354caea66aa4d165ad35502bfc4d8338ccabe3017bf0,389
bdae1b90d456fe714eb5d8eea11ab7b3afe46c2a55dab916bb24f4e1efc,296
22bd251cf7b3f9ce211af5e1e9b3f6eebad112c4697fae2859a8950982a9,323
45fd174141eb95c19254952ad63d5d66ecd5b72bee68bf75817ae9325b9,308
dda7af6576bd2cb3acaefeb3c05b92566978d358f9bacb320b85227941129e7,605
21d2b07f0e8fd5d4e50e1384c5c5f6b65716da7d1979f5ab7f814c116fd614,502
2b283dea32496f94fafb1abf17c03fcf64555961eb4a159b8664308ab72ae5c,277
767af03aba3db6e6f781e2778c627d7878357c767f6b5ad74c582e793b8504f,1290
304d9aadbeba1b145dd8ca41b45b5a1f5beb1218fcbff943f0ea49d23d6be9,408
20f77cc9c3124ab437d43ccd63299232a5712c95ff38fc8438ba9536150bf2,279
4b6cfc99ff5ee4d4a6b42a3fa9746fd66927e703f4efd5c267bd5ca9b12,455
6947c5ec75abd1cbb9bf7e3cb81d36ff7de18b632e6b694baa875c2fa19add9,384
bdc607a3d31603851e871b3f474dd43ee8614a7a29532a2ead84926efe8219a,626
69c943d83b3367a616d8d1c7e9134c2977ee89d85f4cbff979b5aa9b6628a,537
937db46804c9726b8a388b1c41a8184520236c237b8dea5e8499fe6a957b80,301
92cb7d7ed87f2b41a13497ea82fc6f255cc59bef85021d69377273ebac836e0,412
c574f2c137e15cac7c891a94febb626d39ebeea4b0ffc7277cf8e5a3edd7ff1c,306
332e3a81b0e33a5ec5fe13a53adcbfc91382d539e1624832f3668021e84,274
15ccf74b2ce64e5b8a7311da6af58e5a891e5743ae2fedc94236b9d4f532f,335
75b756cbf729d3d78ea3439be72b6120e7f8d6dec0108582fc326ae6a48e58cc,641
a4fdfcfb105973ea1cf12ac5e5d98dc9c4165c3ec8d02af822c766b64d698e,515
8e25fcc4edc8521822cef2fb7649cc8b38b03e5d2917ee186d8c8229bdf22,287
d13a28a6dde5f6f5daf6f474cdf88c0c627ffcfe113a66a47586ad12ad8ca,303
5f5c56f1b372e2c9f524b5df9c88e672c896ce11c982db6dff19757bf979d5d,500
4bec749b4e1540269e92f5ee5629862e82ea1a20a4f6ffec104c241e6459426c,1297
71c6479d8d6024e7ac4fa34bae465c104fcbe7182897901fbe66766606592,344
e4251abaf21cc1f01a18e3c19feca92845613a36c2f29346733d08bf8649,575
6786f8f851b1f2d043f9d61a5191134a18ed05952ce30546d4ab17293e0c4,461
a4d41dc2fcbde1551aa72bb6656adf236658fa09176253b4654c38cf19489,354
95ffd99c61601c2a5e5c82c87f8564950934c4ed115869911c79f9cd2be93,298
508198e157a87f73bbd9877b4d1eef5a6971e941af27045e741b97f3eb31c,406
575d598af771a94c1196c360d5ee80ca7fb7f92d7c4844186036a6466e47a8,574
d75812d35b427f4ef2fa994d2d521bb5b6a4badc242c74f5f4466274b2934a,349
4e1b32cc4dfe322eefb4d359a4c4bd8d08abafc67807862ca387dbc1628c99,409
19bf9ef05829f94fe7878b131f8a559bbae3e2e7efcea9cfd2afba4bb93a2ddb,597
b94e8c8a797d9fdb94d66771685f8a29fc85651937a33979a593505726cbc89a,401
a55d1f95e1a4a42f44e32ff899866c2ec0882ad5f548faa0aa8b6eeb6a635332,519
2faf54b42338d36d4e4c8ba0251e7f602355af87ca3fdb9fae78459ada3159e,363
5d378a36acdd591a3b23173e2e4827d37ec67a5f18723aacecf487c3f24df16,271
74c0208c953e988e74e75cd4df547e147c749827b3cf40405ffbd7518cf93ae,647
e4502c274471ba3c24c82b4ffbfe861daab2d6ed3389244d769a3b6e7f0cf41,634
905fa66db0d0d4e0c796e183a1b12bea3edba7eb3e94a7c1b71b6b166292d8,421
f3e0b97412ee3e9b80748c26448b37516de84e57d42b0a58efd1d05d352dea,577
5582f9c698b3b6a1d8e1e447a53b0ad19ec71be19e66c254031fc496e3b5,331
6da444a23d63d9de47e93c1118fb0d9cf5395fe8accf7dc239ccd98e8a3751,430
fb7a1165adfab4686e0bb72b01973b56cdb597b1ac6a821d9ddda2b4e448d,1261
d028e9a3c66af1d1a36d40fb181938edc2126326da06a25ed9688242f13c6d,397
c6d30dbae1bd15b563e1e5167f125dc41953e0f2f0d626b5fdaab235bdea80,300
a4a3c2f0fa353842169af3c1d966765707b37ddf5d44078da6f1a0d31966,1118
67b1d12b7cc83716b99526606639d357f4295294a3544792f746da458d82e,410
d6ceec663c1d45148383241bba4d13f96aa240d9317a343e862caa7e6c94e19f,331
16972ff47a3d98cf71cc243e4db4e4c62105911204bc3761e12e3d9eb4bb,438
d152127ffd1d4ec3f1b0b1d919d0aafeb62998c5ef69041e911a65e62c6b9,507
a35e6047314072eb53884e87eeadaaba0c768cb22821ada63213cfbca9f6,270
eac8522ffb2d326f499bac1d1670b9955b891a8924fcd237ce931d4c618b1,551
3ec05e727de2839a807b2c417eb9c4c5e781d6140c687215b1287bdd897bf,369
f99246558b31eed7f79672f81d8a17b83d89bde54eeaf029b52acb2221d9a5,369
9127d75320a16dcda147297ca01fdd8218f793bcfe6d368f6b2d33611e892,528
6799097b756ebc5a1fff9d015851ff7ba6bc8d64f82daf889e6532dc659a1,1307
da884420bec771f191840954540e09cd4f2845e6891331f2cb4cbf4946af33a,282
4efb9476d28d503ffdb4489fed8fd0c9e31ad577898c318e95a1c925b83dc36,428
7c0cc2a3ad9dd399b1b11c1da6aa976fb38f7d2bce3c83193226392c3c7ec3f,299
e485fcc48c7b38e3e6b9b83385e527e7cc3aef6a042de87251a655964debea1,423
f5c9825d0dd1c3cecaeec5b6ebd2a9392c6f2c3516b7fa71f8d817f0ea5a,586
283a342415bcf98004f9af2c85172fce3aefaa344d4fa3171864e61451,495
dea11e96e3b3c08041d9517cf38e9ea761fbe3c86f8632fb83671df9e65,485
a6613c738634cb595f5a56621e6b3675df6df43a057816031fefc92dcf5b3b,897
3b1b8b4f2bae40224ac140f2ff4336a9dbb5e5c4eb9320f4d6e986fdcdc3cb5d,461
8991406dda552162878ce06db065b52aa7a54f9af7ce56fd86b1f6c18bd7f648,1278
d2b62123ccb5f43a6456be830844add3c5fa23f3ef0a3b9d462c683d3183,301
ec2b8d381d943dd7e17db5a798c6b1077fd6e17236ca2538f8582f1e5af6f51,283
43f09e76307ff1271dd5b84d959266fdc65e897ed3ab678fd69f566485428e56,743
211453eefd40d61f2ee43a231fcf26d0ea558b71255a2d9e83795357ae7a9647,353
831e2f59275f99b71f75689c8c5d90b09864fd47c2f843e7c7da1797632a5,277
aea825dab09117b95770837d45ec975fad19b385766d46bc3a9cb26ba53d28,459
1caa90132c55589aebceef9ad473963db5e133bda8226944277abc1542f257,452
fab4cff7384c9c6f1bafec1c4e73da453d2ee88eac85fc5a5e52a373b65cb40,395
47b04fa119638ad0f2e512b91ba98ebafa7c974bfd85ffe3fe549cb7f548bf,958
68ea86d3dcbb379da94ae8d2372daebc7718cd73dcbe412b8d21c689cc98f7,317
e89043bf98fabbe55ff319039cf4cf2b8afce3f3bdb5b19af51f3a1effee5c9,714
e0d26aa1ac8637da7e40ca4585cab223d9658b9b87b9b9f7ed5faef1c08fc,707
8733f07094de40bf9dce2f49312922d46f66e5cbabb4b22824d627b1129ced,559
a6e05c619d62df1fcd93f7a2e8ce922299e3897c3d24cbf8a52dc790c35d2d85,1229
6f297d072e94c3895bcc75a6e7c8eb8d1e618a7d67af08a103b36433253864e,298
24b6fe4867d611dd4b59c0ca4d1faf98b6d9a645354d58c4159b43fc5c22c3,299
8e947883f3897e554cb649885315b270e52ca886c6509f8de2137a7da9cb6e8,470
c1955aa87a24e35a6db38feb9e5710f03b4a5c53ce9dae765bc5998c541972,501
fd7d8a57288c7ee413e5de86b0153670c11cdb1971d4d7dc99becee671829d8,293
e1aaf2138c3a4f388c7f5d8b79e7d73bc6df6557f1cbf29c541bdaf5d1811,606
6a1c919b72746b35623363b1d3f43ff343bd9cfa7ecffda0ffa9452821cd87,1064
2ed32a72f629f12c89356fcb94994f1636435354311ed9fb2bc92df7b1f25b9,426
65529f1c8a602b9d3f7ccb1edf945fa8278a73c442a5dd79497e681f3c7e82a,785
a3f84183234bbdcc9e087104166e493cb7fa8dcb163d198869628d2b48b8fb6,294
a017958cf1eedd5c5344ffea0b33bb6e0bb74e9c6a2ba40caea7377515a36,506
dce651de976eab7b8475690c1cf51d2fffd1f4380e053228f5713a23fe5c754,627
8febda6eea367340e29c6088e573406db11fe16346020d67bac1b18476ac,628
f66bc14975cfde3db4466e7a93f9de044b7912cc4a68987b5de38fa65b3de6,386
4f49b0b2ec871a253f6abe07d33c21473df9b408057113d42ce5224538243b,289
2ba18bc2c6e5431319d78a6e911235c0ce2dbb89c8a29be8d24adebdc26aa985,311
bf13d931345e98769f7fd4ef26ae72b3ad3ba1bb51114f49881df69cb6472e4,384
207493eafb432f22965e3f4252f4a8e967e23ec7a54113106ded27af27e6a8,602
e54c8ba77951103443e17d4482e492db89b83b7163bee0dfe16c83d54d44d6e,1202
5876983d96f2cb1a275f787d1f9626d69dc76b825f630632bf9874af6afd4,398
e3e6d2eaf4c976ae4bff6ac4cc48bc3109232fba441d4a486a27f6ec304fcf,1219
f59e042106611a211975c52a39ee64ece7271ce5dd432935d16e468c7e24d4b,285
f824df23ee238a20d9a1a45dd416e6d42550371991166894cc259bb8e1a1d,283
fbb47ee39d7816582b9f1d83dcf30ee766359e6cec14f86259c634d2739f6f,351
292c1255d56ed9890351488c0f2fddeb6e110f4d37e7b95bed6ec237cd6b088,410
f438e2a727eec56c0758518723d4b75b2657accfd4ec15751bdfdc1e9bf2dc,292
5da998d5baec3ba5b4971e413a9fbffb4fc7707d9c5e3edf36be1eb9623e09e,489
8887548b2cacdc8791def15346ed567b2ae9e1dcd55b8dc2872ccbdc073c8,277
99e9421a149b88d4dfea6f87a1122681de756996825d4217f26a82462fe9,356
eca7d35e915acfce2383593d2f92b5d559f63f9a44a3f1f375a3de45d7970,323
43eb85f6e5fc74c7a4c526fc6311ccd3c763cf18f91d13b9214fb65e4472a27,1304
1c5ed5193d1d556c9a4a5eb2b8abb9e1ff606531e4dc3cbef529929d2e3b1d,481
40e6fca039bc4f8943c460a7ff40c073b848d7bc82371cf656a182084b9276,905
36877ae11bb98723ecb5a492e5f6acb5611450c8e66318bd1d107c238fff5e,281
da6f63cc19bd99d8deff67ffff31e5f9dcc618ed3fce5f7c347435c0e94b7b18,372
b069b84351a7b0d316d0cb5bb9e5fc0ac41decee2a0193d5a18f8d1818a6f20,859
6e7a95bd832d32dad962faaab84f68787290e5dfb0f9c37788c2eaf125eba3,535
812cc6c8b52d8e8eaeb8be9a55f89c152b99e185d33b3bf3d884654804aa5,451
991a906e51693d3e0d5d54b82624ff8a9b8f21baf5b543628f14bf22fac9fdb,303
4ab0f13e7f12e34d7192f78db5682aa5ae3749ca8e9dff2451fe286ea56,418
2c833b663aaa1c71583bdb79f359cb4395cd447117654b85c3aed90413cf39e,674
993fa16b8a6c6abc5b8970c3a9dd65b72e7365d02ca23955b984ca36123bcca,490
f4ddfd5274bc1fac25c127279627c89755cdd09db862e7b1cb0a9a05a2d232b,408
b24d1d773b6b6ec3afcfb913134e5dd94b04446e74548b64634dee08de69b,468
3cf7dabb8decc36e8f62cc15539a62a2f4f9cae7c836ee8e89765e1a1d4a2,1037
4abba65deb4b19f511841e9ba3090c22f49f18cd82295fd65d32b4ef3afacc,381
db31ed7dc9b8cd5fbbd9b2c04ed5086c7b7b6977a44ae98ed3c9f2a7def738,477
d797cbdcd6623d477f8f9b66cf8acdb8209b76d0f8e0a1ee4099297ef2b4f,613
7a289338e1d1dc182ac5a2e48ed566ffa5535e325dabbcacfbdb3b54aa5ad,578
b3da561f7144365fa314fed9588cbbcf6619ae2886955c44deefdc0524ed1,323
e0ad27068eda7c966dea84e3f9af7b96046be6d43be7baf28d15d2272be9b4,707
24eb9f963b1e9f5ffdaa07b62ecf63e92bfeb93569cb92dad350627cc0c9,573
14b9ffdc63fae8b4d2a1284f9cb561c1f207bd0615c931ba19faabd2ff2456e,463
acd0a74011169d83bb4c7064c5271399124072c5fad37216dacd1e68435f8cd,551
7ed03093b925b7a97ce953b2a764eff11d0e37c26f82a6ec36041a57a71463a,310
eb646f203cb9fdecd9ba4c9c1c9d3aac1019db71475667f9f124741cd6b734,1174
40ce8777e899941bf8a526b36a928c36211a21cd7e4de1f957a13fd2eb1,472
45769fa4741fd6b86a67174822b91656e3da95dc02db8aa484d33a88f991b5,409
648fd9f99c9f271ec3d1bb84f32c8d396416450afa66a05ff71efbefa1015,277
67d7d48441cdc9d38dded89e7dcb330e36848e5887d7d645f41986b539926a,404
a99e8a2db134d2649327d34c96879ce6abfeb585b2af37e62f1e52a99cfc36d,421
22e04171337fdf59f575b7652ac69f37219977acc7a93904fa840f68314c42,567
e3c321cc4fc57ec87ab9c2fd79a43c3f4fd5b2b1ccae2fb8752dec45850c3b6,290
66f12d9c56d078e8d234cbfe5451e6c7c5767a5acd44bb9fc6f698cccd030e,332
6968a151a85742f7f675be621a40dd1c328a0d9b47fc20cee66d91e367e4b1,512
7cba19f41969243c9364c792393d389539031c96734ce58691c3c2ea2893c4,285
e35e9f43abcc84519589393cf48ab191ea65b08cbca63fca895cfb4b281e3924,289
a6fe4b31b8dd844bc0e413b0308d346c6ec9b43a3ea0ee7e9d53d37aedb097,298
8a1b308a12e4da4c4f17fb7565f7c477aa17be7ebcdfd56ca39fd5cc961f45,320
f8b3e742faee7d858f70366f569ee210e976cd8cc649d8cfbbe5a9b3fcea1e1d,1005
3b3fe0caba99b6e633ad1485aa28bc6725457c123613213113a9b2b5784779,285
8e4122513274bffbac92ff4449d867d73a0e1435e226bedb4a216374e69b,388
5595c4c1b1a3340513d6c57f32259481a9fa80896b62452bd08a4111c8a9d8,300
6396e2fd7d9ae027134048e699ee6347c661fe157791a9bdf3a87b3d8e92a963,347
416176bf5717c53e7e95771fd6e2c4fc8d1f5bd2f973a42d8316f8fe480ef,579
2216f1b7a16a53cb7baf915bc8e35f1236f0cb53e7a5f140d64abdf9c07911f0,1303
cc4b6cc3c9fbd9648a8ffce0167f8551dc3ebd648ad1fe946629113f3df892cf,557
62651313d42655ee188d11747ef476e588bbc682df3eb3cc3cd76267c78b,282
79c17550dbb1ec70b95381427a4738f5c268bfed57056f84f69a8e59b136433,366
275b68307906a658543fd6876883edaba7bcf5be03447fe1e392af831e15,471
fc459555799a8e7473188775171fb45037ab863a34b1fa86dfce9e4d461b7c,624
63e9320176969d1443c8a5272e724a2e3b4499d6c4d68e846474481d1ca9,620
5745e3451e6c2d4ea6fa53b36f81a9c7347ba46ba72554caa02f5bb29868bf5,435
1f2e69a7e8c19b485dffecea8e4f3716eb1b98eadd28cb4433b39516102dfa,430
2b063afbdeb849c4c26c6bc72749b61e3764dbab9f06ebf1efa48111345,761
45a662babff2b99393f29d8a7178fbc79b1e1b5c050f973f97d145debfaf0,557
f01c4c9256315fc650fb58104bfc5395d5dd9ec46e59ff148d9d4632ea1,277
1077116165fa5021b41f3ed122ff96cc3fb3f25389e4e86f74859eb4539d64e4,509
ba98e792682a618ef988b0b2fa7d717ac46abf537e9e347b6736a61dba20,344
306aa5a68c5f3e7d2943742621445d7fc993b294c9a5a14f18127d739917,1284
d07e97913b4147fdf4225172a1489add0c3b39fdcf2a7ec7d5f4a936d996b8,330
b9a9ae3d286b47b61179dc97c98f291ed13d8e6ed335934ec07ab06a195ed,783
67d8462cf1acc989eb20d8b17165e5c94b80db52a790bade54e4d1cb375b87,330
3ff16e529eed66627ad3c9f518764c84aa12e6ca8533e6e3798116ce95819ca,798
8d711db1489fe2e52e3f5eef4ea3a38df8328e9ceb3cf8671e9d73e0d4add03a,627
69240d980f6759b28a11fcaacda0d082eb69fc30b4feaeebe4fcb0eff66b29,368
a9e3f88a5cec152913788b68c5f4ebf854a76fecc6aaeb6bd85b9347de4995a,398
8357ec13e888c9474ea4168b5d7755982e88b316d909bfcc56b9c70595e33cc,597
d44a9a116b9053c46cb03b17fd2a923d86ab9f62bbbc16d0a3aaeabaabfb5d7d,432
52e5b7ed2ba2c49ce8e4bcb139510229844e53b503a9fed487861b5d8d725e,341
8c6ede870c35c40800ab9d4d606f1a6a74dd367b5c2eb7d15024b404afb,518
1c1842418116f9ae9399b0b36a129d56c3f0bd404a5d38613f531d1c4d4a,333
ba87914f9ea238b526e9a74c867428e0357c98b0275cc6c01914c4593c6f4b1c,356
c0a13afbd1824f37d15b44bafcadb76e224dfee58435f343421084d85767d4,434
fa214a8f3d4e619fbea14b86decdc159db855c2dcaf656304a2099a03e41d2a6,293
d1ab5c31ccd24564b952627877f04da1e1443ec5887215e72da7ff88cf5675,580
74fc48587567a357e87d415f523bbdd98e6d3eb23ba1336b4b858be583dad,446
af27c2a5281d28680a738dd24ca47854f4560fc9ad3ad397604f37ecaef38e,532
ce1c1ae61406a99ee29ced37546b5b859e5912e397e73ffd94891bcbb047,325
e6dbf89a825c33afb2e184fa2528fbd6af2dded2a054cdffc513239ea2d3bf,352
654475124cb6ee1a1aedd4ebb3bc2af12117f966fe09349a695afee4974d524,301
fa4fb7573e0c7b5d34f68a21c4b51ca489c1df6bc9c94e659ee19979b44e3,504
94c49fb18452beb0adc84de4ac947027a9efe08d4f613e496379c82ea5a5f2,820
d554d7d29a5df1a134db6d1ddfbe518e6bbb6bd9a25ebafc4ed6270e7adbf6f,380
f66f8ac834de2b08752d3d93b6b3cf59d8871be44faeadb81331d248648ad,396
427ec2d243e519f1a3babbe3136b6484e1a4bb71862ca044457ff43198cae,313
41fbf414cda53b2fa4ae23ae26b50ec4f69596ccb91299ccf036dbc6cafb,308
73c6aa5175e66e869ee79e53784997a1a99f9fe81547e1a61e857ced742515d,539
827d8f9893fbb73e2264582bfafab954e2e5d3b1dc76971cd9460f48fe5,439
28fa997338437d3dfb935b07a49f4b19466d87647f68ba9eae2a1e9e1cd2bf0,335
d2dbbfb78ed7437bf66260438a9db4cdf425f5f2664c8f3595e73516f5b8ee85,479
1b015f35734c7ba7ff5f1421354743a60e628d7114da78467b931ae477b8,379
c560547c3d4e9f6d2348c29dcbf9173fa5c14e7fd05ad9c2bffe8b83bf7e,395
93d6372d46bfe4a31b49808c5e54c65d5fa7cf1db12f277acfb72c637acedb,362
85f1e533b61189a2951e74ea2f2dea1f9dd3e094c9debe967ff24ebcabca43,446
6beb175d7cd5c67822375bb4b85ecd18abc1ea6d542a1ab930f110116293,275
5f5579125428468ad96712d3539267188de24a7454d8b356f42cafba49899ff,316
e116171e4fd1e9337e2c4f89725187f82d86ecbed1576d57ea3f23adb1dbea56,326
d4e7f8ea44d311f4a97dba456eee198f5242c8ed9b7bc5c1ee4a9b11a24b79,332
89b6eed1d170e945232b39174b366b8ac262d526c98a6c8150fd1ee46357b360,280
a7ca21a3ad9587b37c3c8093b21f507179317a293649b32091655a8ef9bde0,409
d576c4478e17595999fb2a72bff6541119734d41c5f852ae9c490c1cebd1b9f,356
3c55906df1cf4f79ff44a9ce77158c9dde4a3aa59675dcc34a79dfb63af0,601
fa4d3c2305ee416896e3498b499d4e886ff4678d730dd54be1a8359f5e6e6e1,547
ab7b59dae679a36d54090ee8a23be48838966cea1d411e13143836a68cdfe,362
3f71c25b3b44c02a7cebb6e4abc37c589612fa7683fe133721e782ddd0e150,485
6039c61da1ad25f22326346a57338a6381329df9911935139f8fd41d114ee,325
b0b165b8b566270224c1bb5d7371a19cccf0903fdb2ab1fbb49e524f863bb,595
64bbe11ccb7b878942b5c413ba912cb2bd866e79319fb24969ae6e09a43b487,352
438dfa760bf52504ab761891f8677156be4ec07e547c13bcf6f5dade1b2,311
a0c94d4ec780ea1c2e71b4d5fd689f2bc0c4572f12bc524cd998999786d4f2b1,611
e77dac26528190fde23ecf2e2e35b0368a29b5f5ed634569e2cd9a1330508a2a,359
25fc69615a6a7a6918a8a8dc758961396edf309c2a32db80c778e1e93e393f,1290
1bc195abe7e92181c44ad7c994430d02e31124e3dbddb0c18f574125c18ad3,303
dbf6d018595638dfadb97984bfb9dbb910f146e54e1d825d58d0159241221db0,370
5c6895ccc62ea1a5b5e57ca3dde99a124f0f480bb2add8dec22ae25a4d965,1271
c6c22c72677b28c365989bdfd3c85f7df83fd1f162ddd3aabf227ceae84ac3,867
ea9aecbb1e04e2c2bb65b27c89324651852bcc301dc34d14b143830ddf33,458
d8a64e3beaad7b9dc6fcbfebdfcfab68d046f087d85cf413a5e349f544155,1311
797237364fc9e45d141f6d275a978b5bca254c929c62696893a357f3204ac490,279
9eccb5f42e4f81834304fd73301695468a888741ba65bdb23291cc31a67656,448
62bcc437854a402ea19741d088967a9e59777791a8b0307bacbc41e19867d,454
c025a5aed91647e6c1902bfc47199f461a3d758eeb19be2088111af1aab22e34,455
459bde3d4398ecf66dd0e5f6828cc8521ed7f23725aba85c5998b3f9b55d79ea,578
3f7241e877ab5ae561ea3fb74541d92afb8d7fead20dda3ed60dc893f6ac770,422
588317aba192dcfb7e6d139325fa4a2e022d3895a30ec63ed8b5bc152adb921,336
e95385f69af6c1eb38df7f00d3b5f69e467f74166ce3e24e633095697f8dd8,295
46bec2f69cc273ea36c5c78feb8ce1c899948b42574fdd3e18fe0bd2128da,541
3945c46bc0b370880aad3661ab947274a790d86b9f2cc51a55690316ac78,334
60c72c29a3e76b1f57a8a676525ada266b8fe0cb1a7f9638b2e4a518c6d,306
e7d3e6e4a134fa22a8676e8194ba8f2074f88e4ffde2a67dd8bf96ec47b7c80,624
74a563d4c3b84df64c28941692341f66a4fe237693929c65dbcfa6fd5c803d,299
2bd2386376ae208cc6f29f543dce7d2d9a6fbae1d0c594ea6818f498245b365,289
1eaaecc93b503da6e688df139796ea9cb2cc150d513292c843046b0bdc8c0,946
7cf1faa982b3a37ecd6ba3c8948cf85aababe8fcd602e8ccdc58dbe6e9b8e0,325
19dba18f403a5da430a83a1fc694f43f6f31ef872d7b3a63bf6ee82662ba7db,416
6030adf6de54be509d2ecaad7ea21617f3e2e74d4882eae15607e75dbad2bf,280
1a96d4354756964164eed5342223f41e85da49fc266b287eea841cfa4f45fb1,632
669faa7743e53c339f2a73507341db54d08af4767bb28b970831b36a1ef4,319
1899c82264a92ea7c391e61b32ad19dce55d68f56d9ed7f414df83bef40dd4d,397
50a8fe7cd456b32ddd3f76c82e239bb49206282de9829a692fbd925413c3433,1291
846bedf1b17d7e41bc746a305352494f7cbaaf1811be3b8ee20c6bcd120f3ad,492
ed3d33d779cc7948e471a27d404831eabe4d2fd2737588288b6fdc726338737,757
3a79cc815b1498d39a9ff7a5fbcd55e6817cd2275255d15d9d31c8932d46c7a,330
c3e9b5bc1fa83f8949d3bcf311857de28d27341e94f3af2a717fa4748f3a20,382
b63c707d3742e8d9ce1b16d91f507e71804ad05bc29f734e69744103953b9d,353
2868af3ed99875d62d721c1bb44e573a41d31b506dd2d7e777b31ff4ba1451e8,415
943fd96dd37afe3ee37452bad523dca0e7e7991c559b94292fae3642e97dcc2a,329
e1684f784aab4240418c71c7561d7f8b2a5b921b34e7e7d201bc840b3b95a,577
22e73e87568479189bd556a014ba72d6bed1dda0c931fc58a8daccb7b518d750,753
fa6c959e91f70f68a8da4d2612e261254ca6a81960bee676f14aca63eab3,400
93449da8e021af477ab18255f33acaff5d3938a13f7e2bc2e659c7032b88b17,336
464d7afb57e7b4a8657ec7744ec227bd307afb117bf2a99d5112b4b45625d8d6,271
ba143b3b6a347b7cb7fe6bfb5c83339edbe0c14b3d88658ab53e7795b30,1186
7d89b807ac3b5b2c6c22c830c6b760ab133f1344c41d251a9b71161c15551,373
f359cee5ca95c0da96307494f192abefa5bd25bfaf885bb6efa2a9da68a,277
47a79a9853caddae97b9e3684ccc6097c8ae5b78a6b21e2a8092de2764a9aa,278
cd790de354bdbb1482b32a27b6dc7e62a2cfa5fa9498cde381dfc572599b27,386
45ca7c20f1ebee9ec649abd92bfb35afb022f3cba4a5bf8cadc2156fc7a37f,318
da925af8544ff787498bee13c69c8080cf8ace36cc502af725fee940eaac1bc0,297
3bf685fd1477fedd59ee78961956c1a80266164c4ec4eeaa33f817431c9977a,335
a225ea4b8080697857b4939abfd5171b9478191da649806fca19e8ecee82e,1309
33cd7d5f158ec169946b99bfaa17415a1b837322ecace5ea47e71368e47b,450
91948ead9425ee2225c242b7e233cef92a51394faf97606afae58c3162ccc,278
99ff4fb5913dd1cce05e579d4f833e8a3a1b68939e9ba4375a5b90b092,460
1a2ba6f8b666476343b816268aafae8fb2aa47c93476a36c335bc74945ade,462
95b59d61106c59d81b2c4958a11f279acc1d5dcabf11ca5dcd5b09d4192d,702
8d6d39258c863ab272f12f95fde434073aeb93b7fbe86b485e79fe5fa73ec1,497
626851315485e24465a5c6a8b4970c293e925a891d8e9d95a284d8f7bdc292,344
6337b169f8ffb9f61b2616ae7b2b31c9f42f6111af56f3c658c6ab3f1e8dd42,565
e36f972a81c36dc87bee709014ead7bd8ed083e1424a39bc4e59fc9ee6c2d6,326
2aee68912ea273a3e5ed6ca5a57554c91e9758b7579db4cc552c7ac7105d6942,1199
1310b35c773838f826a66994c0cca0adafb69a775faacc1f6b1ca48194fca4,1009
d23f6fe8e1c3d0599e048c629c7e63d59b955fae31be859a223dcdfcadc9,278
e77bdd6defb6bec65c7622e1a99c625277cfc231dc7986444322be2f091ac,503
9e71bb7c0a2c0783532794a9d550460f5b18a2f8ac02916cbf95ff29be41,278
fdc71a71558525ac29432063f84da5e62dfe4b25dc6b73e692bcb20dd734e1e,379
22873ac7efd4559f3437834a1ebbdd19b339f29a47b7060ee4af57bfc28c,311
1b95e082af5511fef26ad748e63a9bf79b2843a43555683d27f1a369be1a73,1310
f582761f3bd44ab9c53537cfb276607d3a87e084e1b44b79e178bce9cb6e6f95,359
d03833d4c6c35adfbd7849cd4af74be84b1ce4289883ebe4ff2cdb51be6052,316
252f921fd15238c5f62b968acbd87d58965f4fe6c24f62042eff681567bb4,331
89daf9b9815571a4de4dc529c373956dde27d7da2dca26ac4e238da789dae,357
d2fbf1ff5af1b1d02f34839d997d4baa4d0885a1cc77c81299a64235423fffb,1254
ed8dd51de11a1c5042d2759269af3c03d03623b691745a40249511215b17e6,1283
25acd942ba04acc52ff833216f6fc266f77c4bca9c4a514ebe79197af0,378
d45eae5a38a06d8a1de414bbe28c221157ade071b45dddd35790ca717375a67d,498
c931d978f8f67dee10bf4d34fe888ad9cd3a77a75279664eefdf09be0cd47cd,351
feee22fb52b311ad4373709b5160abb5e89e2ee34282db806a52e62658836338,379
42a07d6be8906461446ab5659e8de74f9c0754e6d67df36f0ec8211a838a,431
681a271ead2c51aeb0ca6aaf879aee5864833eda9bb1219e4ab8bebb2ff1e,327
ea8afe76b327a8fdd0426a725bead987a9ad66b8d28110d544439e2e998eea72,271
951a1883a1fed33c58bcbf799ba7abe1be98afbe31576b7af41acb94203db9,337
5d5ed2fe41ef67db4dcba4df07e161c84c160ac5bcb61a9e6645faead76435a,536
722ca6b34b6216184f456d474790841c64cb5255aa15333c2d7a6d66aecb47,297
90d02ea87ef8742f9c49337f71f27abcc5a5d7632f8e4f577bdca3f8964f2bb,337
50ba450e7afb4ef319d6cd7773d751414f439bd59a2b3e2b694c8c22e7d64d,302
eb371817c08d8e4d98ffec5dc78b469a4c3f656ecbed44d702e5fe263e87cab,754
6b425e154d3e254d2663925bd21564f1ebfdcfa2536b96d1545d8562c1751d,489
f6e9fbf854f5531cc02cd58023172346542cf8f0af73acbcc3f5aaecf29,311
128cd539a930b84987f37f344ffd2bb9640a4e87c15e78b4741d64bc08ba4e,315
3298e09db24d7b77c4a7b834114c3f2bd9c13fc1b3ba6159e2be8bf3d16127d9,299
4cb61ad9b217c7cfba590dfeba249d471c49f68ff53d9e7814bc8cbcb31373e,270
9d68f75f362d90cc1d28491fa337155327356da5e22c24cefab6e91349fb919,1063
39e724c1ebdb5553388c4318644bd4abeb9929f1f88271834fe15a428afe9ec,289
4d9b52925f663a438263ff156131b6921253af8d9138efdbe1b2bb629ca74,466
4069e4dfc67b6dd5be7bd132b9dc8e27345d67bd5620b5151eff836b3ff53532,1290
61b4743c20fc1ec5cd9c7a45baa2f41414490477f56e6f02ab5e7d28aaffd4,649
f928daf4bbbd3af9a05d4034230ef199d1984affc45d6b518afac7fe29c15,439
eb339b11efa821040f53530e1141727cecdf2c6d38594217e25a7f18df698aa,407
e45685a1e392e19659ced156ce741f33732efad3ddd290795ce0c0f4598153,396
acffe9bf5331e4a6f14b1654eff56d2afa2429da036fb5d9cb13623511705e,677
df79b1bf3780524b91b2957eb9f69234a179ccc1e05addec3497a8ea216662,622
a535516a2bf713b18c981f40bc29828af6e3b1864a73ff54d2753dff35633a9,447
2fb7eb7964781206d43857056b45beec58bc9deae15556e5bb12faffcab348,506
aec45b4db9dd87fe5f1ce5d48245831f4535cfffa96b87d90fa10e257e6df,308
2a37b7e256a965aefea6192d33c4eb56efe2656355fbaaabf1166892781eb,534
cc1256cffc2372ef3e2c721b6166774e92ef9ec096c45624c8ca634776632cfe,290
3f7dfef61dee0c944d42ff2d942901d1dfebde72b5582c2b9c4e1ad3e2ff488,378
cbf0d2fd883c49ec228137e84ad888cc8daa249363431a7ea383b4ac85ac865,299
5b3ac2b369e9341169cec2d8f76392732920b55f327bfef4ddfbc9fda1c5edbf,383
517dd6c6f1d7a7fe646354266d1520db7b8affe46f24fc59d63f3633d58cfe8,530
314f16c3e819a184f0612377c4075dfcf9fde67978dbebd2af4f2273dcabaa,276
15fbd6c1d2924964b53839add41685e743ee1e8fd8d77d37446cadcb68616536,1300
dfd4f3302ffdc8f6ed8fd31f64b0383c82e6ec42a5804a9d9343f46f9974aea,312
33e4b72fb944dc2cd88bd118af24af99a22ecdd4ed853476213c94b362b434,290
9283512819e781cb7fc08c4ed844c3dfe50a138c27550f7f76ecd47c195ee6f,324
f633e6a318bc349ac9724859a85b29b9952f0a7d56edc67a95c6d9aa7f3ae,273
bb119df047d1c09584c690462ab82b8eadb222436248a87759513c92ec2c8e3,313
20a7e42cf8cb6696757e0b91e61ffe8795d6a45064e8d18926cf413136b199,827
4184a57ad47f3db15166707628722e776cf57e6f9125ed7bfb3b1335d0c291,359
1424e09023599e9184aa6d7a862526be3b1d3b0c27311c131cf76717f5c554,501
17dc10343ae8e2b919cdf2ac806a416837edd72db28410cc187262ad873,271
3d168010bca873ed2a5f5fee2cd12ef7d765290ad6b7119a27090e72319f0ae,384
b6ff6a1fe2bbfcaf4ca5abfee52d245d4a2b35b4811a9b328f74dd23438a929,314
ace2f837be2f7495448893e88f54427f3bf8ad5bb2dbb69484d7c1fda83a6,336
59abfcafdad20b5e5c7bb1d70c1146cbc42107232dcee297b403fed891171,658
df6a57969e2e7d18f52c67dfeebb816fd28fc4488b7195ec23c863b7620c6,1284
8591f54d26ddd6b774b86d317d367066c3cfa34796ca4a58a2f4dc6bd3a7cf,596
d048634faca6a553deacdc84df2fbc3dd3b2541e82f954d9e3f1849525644eb,403
33ea27b4c15d34fd364a88ddb6df9f04e3afe6b1c2e728c5e2a349e4d91929,542
7f94013bbf8222941f329f6f8899be358ec3fded2a18520deb02015d4696852,290
ac7094294f7da030a914623dc9d4028cf1c2d108c44a25d96f64ddc8abbe4,458
90514d8cc0ed497a9260d51227d7a63124341207185e7a76fad114ecdeefce,355
246bfee8ccca515da892b68018e7fb43a955702449bdecb0886ff8dd5dd27447,718
6676041fdb9c84f99923a673e65ba1ae9b688508222f675edd18329733cd48b,610
b2926ed3d8a949b9ca575d9eddbd3eb16e302d933ed9851fcd397090a71b9,404
8ac8529888d35e90a1e4d99f5c189f33b3198bf0137b1a19b28258bedc6bfeb3,519
9f43abcdc3a4292f5e3683698b47329ed3a9f54a79617ba302a34ac49bede37,575
18c033cf5a8d754b9e6360f4214cfec356646fb9298293e8c8a3eb1486,368
b935ec5184e9183711809080c514938965ea75a44a7cee7f84cd7f5a72ca5d,319
311e6c6de9f8703ba50e164b67a2d7b75a51a7ce99febe85cd49db7c9bdff,309
9ff744a668a3b38be832af28a29a7f0361854ca7d8e6ed117fe9a3e6f1970,473
1e2bde91523ef3e6f839b87958927b6f3f090546914529ec56f57807f92a719,348
e2e8c5c9588ccbd637e7b155d945593d9baf12651267476bba9d50b135d3,1308
e678414185a5393d52ba2b6b1a49170dd985abdfd2a8186b3ef1e1638f3,270
7456fb7e026e87cfb019218aff756f85685092d8be926354c23f956801bc7,477
f5bf39ba74b564bda511edd96f9d694ed17f01a298d3dc98d5ee76685a455e,405
70ce2c87e036356342dcf710ea23c129e1256d84bf5fbb2e9b351a48113bb,421
42e63ed95dd6b7facea3d43ad7290b1173374cad16b27c351a536ce2c3df31,279
3f4ea4352495065e3e13c6ba643b963ba36d745bb013c650a2a650de386221,369
46fe8372c5a26fcec34f3bb9b61f8462245b3a04442ff027329a2ed8f3271,1291
8f66a988b3f9a4e2abcc14ed96aaf79c109791f1f753aaf16768ecd544f2c,1056
6a5eb478e5ab9d08ebe1ca0708f2766a9c28eceb6f65bbefdfa6dce8fe9d64,389
f19b5c58a7f5f9f4d7f998c0412da2c24fc2d53fdc9c34eb33ea78fa86bf517,294
75cd336be4f658e5aff52dc6ecebb98902a305335c6ef9a8927ff84c91e883,649
f9b148aebdd9199f1479db2f333266e3f2b699fa5d184157fac32e3d4f1cf,1250
38364d6d1ff27842a8ebb2547f671444e426de4389d550af594341a1abbbf5c1,275
fa790cac24d791ea28ffcf3f48366edb892d47b3ddb306d3883cbb2e95b3d,765
4b78f98d4d819df5bdc0f6e7be4bfcd4e2d8e9a26a4852d85e482e2398de,408
2c5a1d071f4706c60af943bb7d469b472d743e04d846f3ade314fc09e8ebb5c,354
8859a2664a94c3bfc2d0735becf8b29e6d69d13ea46c7c77dac4697b2071c3,285
cde8e2c89fcbdf99bb473bc374722a4d4364e1187ba1fab9e8d510e8207721,327
df3f8bc031aad4f295ee10a360cb205b82b8136b95d2c17c727cfe826c5ec53,465
4fd4ea5cf82eee63d891286630e7377e45caa1e3a2831e4b43a1706825a7ac15,701
7f2dbf1ac30a8b225deb8f867ddcf9471bb33f42f9fbeddede7345cfa7a9,320
793c10806aab63291cf349933f028a3e4423ffe52a34b88199e4a71bf21da9,447
fbc268f6264b9a12381cd98ebdbe8435265cecc967f45a552939cc9dbd4fb424,331
c2687b4d2e1ddddb5f3140ff598ddb5774c1c02a4af1d1a4eec3f8f59ff3,479
a19dc9ad4c95bbc2672ab0e1ddb3cfb3ab3d1672e96624db4294a69764aa5,402
8f1cbbcaee17813720533ad85d4cdb7fbffbd50168a12803ff810abb8637e34,613
98bdc453ea3ef4c5e5286c7f3421ba92552d54e8c0be4d912c2cc1a765053d0,660
bc4175706a805fdb12fd359312149f867ba63f69c04dd3988a48b1f839c85c46,282
54bcc24c7aee16f0444d9da266f86ea6ed09f7a7174413546e9d5d9db869b,349
133fa6458f1db238c95af8acdca5aec92421e99432339ecf94abb4037794458,470
edac9bb2f1316eb57af81913985a054f5c435f9a1b584ac54366522a0e54b9b,964
e1b755c770c1d17cafaf8c4beda4c382291e9eadce624fb79fb31100f2ac4c,417
90511aff784aefe4ce4f3a703cfa499325a928a17cffcaeabce24d62593ea84b,353
8a1b213edaa5e815933af11aa7558dfced939d594b1b37a758f365c9c6c0b7c8,1171
158da24bba82cf5f287ab04eda40f9b87d1c9ce811ca79ea3344aa8e4aa636,469
7d61fb497b5855dbddcfdc2cd5f7dd0165af773a9dcf449bdb14db3ef52eb,482
4330574fce617588dd2c24b728d039fd7338f4feea234cc2bdbafea92bcc5,420
6bb92b38c81e843452bba7f7d13e66f2855afba753378327b8ea386ed1cb9,464
88517bee0a71a96f8e0af8d8fedb0c089b7752490cb4288c8d4be1cf74a15ca,435
c384ce5a7060a8223d3e7adfecd41c132f1dfda7a7f27ed73f49b358789f554,360
42367fb886411c2ae4c1aba481a37a21187b715285f2e2620938b67bea613f,310
65a0caad3f438db234ea541289523ba1676d12e83c25ff1d122ad5ef47a535,559
6788491a5f10e066633a9d9cf43d8d4c4f9c894f3c8bb2d49e223d8ad9a4c3,571
45f8a17a31c0e79e4f84cd4f8f4bf8994884fff19bf5cfea58cbcfdbb61,489
29363fa8c1e82954137cc9a43411e119113589ccadea95b3baa2768e363accd6,579
6033549efff494c0568b2e289999b6f5ea81e9eb72ebad0556bbabc415f6ba2,519
3c88d78912d0237aaae1b5e7fe4a436cdc44b42ed5caa7b3b7e83231b76c9,477
32a9c8cc33a3cc7b4e369c41539f83e9c87f711c5fda934ddc7d73737310,338
40723aecb6dce393f6426fdde376c8136c7d1eb9ece08e265f15aac9a85d8635,307
f9bfe391c7cecf643bddcea17a38214dd3ccce790ed544393cc5b3a658b80c5,273
bf47ac1d90b59d41f34c9677e76de6dfa0fa8c219953ea5455baf3a11d25,293
fd6b3d5055534f79a49e039ed32b9d7a2d59dd2c7fddafd2f63a65ceb4a49e,340
7dd15785b9fe60fb72a4e763bfc238fa892c4a43829adb54f5dcd0c69a4ed,1176
227f73aa8ec84792c38e56b686774c76eec692bb64c83bd20ead23c9aa7ce,469
bd9fe6663f096f689a694a419e8e13bd2d7f772c6f355bea050bde0cb568db,1268
702f9d5c9e10e8854c107fc9e61b6cf9bc7b1479bd65a443fadde91719675a,292
83f8dab6f74b1cdd5240aff3698ae472ff4a944ade4ec28fe4bf413627db582,546
f357d8f38764cae72155bea08366e62febe4ab3bebf8b9a53693bd1e0c3fa5,287
3b3af1db5694f474eaa1a95223cb5298dc571e3ce22bafea8da2f9da0c0dd,476
71be1fafa5dfd571511fe8ded11b4a15c3eebd2ca73adf5be5b5ff82c37f3c,598
fff26d3174ac8889384fceee9a31a63ad71085e9bcd06f5ce76e9ef23ab0a7,508
fb2787e4c8c1a255a6edaaa04af780a5366b17626576effac34b772087,385
b5cb803235607f70e853ea9a162f1f16ed486dec6cafd53e35f8254ae33c1,426
7b847a36f1d3e72e4112481b538af8bb0a6151dcf95ef726b5e745978ee,354
939bc67f6cf8642a5279e1cbffa9b1ea71a95dcb23f312a98e27aebe380,483
af626dd899f2a7e9e2b48dfb0857811c33837d9fef7fe1d731beb5e03eaa,380
667c894989983b1e157ff82b41aa3bb577491c72fa7a7139c9d2bde4a9ee6b,374
60bf50f56afa24af35babab432a51fcc112ddff8174641ac7d49a384d1a9,275
3ea513ea84952b173ed4b837b45144316f6d87ed0b33e222fcb8c892f5031,488
5c7d41b072558bf15ec2b880ad2ef6e8ea65d42edaa7f269067df1850edc06b,285
d8a46c19bf6a0c44ab976965ecceaea5ebe695ce75a76b6d7fe55a5af96cbe,607
5c52e061df31e157426b7c65867e78795d02428ad6e53e65062b7bd1ecfe6,317
24a92872ce70ef312bb6218bfa72eef321454625ab3f1f0be5cce3b23c9f,283
318664e9f2127c17b993af2d4f07d6a2dc1def87a56e1d703c3dc281d8317,448
6eee91f81f773340ef8f4e920d12ba6e39c9f9fceb76969f0d515d582e81b9f,410
3b2397ab169b1621438ffe397fb83a45b186a28e8dd68e3dac6d037f6273f26,852
2bbe29cbef5744d6b36e6dabb31ea3b4ddb4baa53f92ebf5ceed4fd4f22eefe,353
86a66a88bb21b16345bc8475c6f32be0879e4d9e9340296bd2a2f383818e1ed,316
a7d2b4b219914b56a4736f3581178ef65b329b1c9067ef66f50ba43cb58bf,454
562f445125fb98493b5292296a8c9eaec7d1814ff3bea9f9b2cc966c81f87fd2,1230
41e6b35aeeaedf6b2c305dede323863a7d833d4ee43caf7c456abab844324eb9,293
8badb0175e15d69cb143c7f2f112c2158815bd9f4b527356fa3ce3dbdadc97,610
18e4c0854f5a56895f196330e7bfb74f18b7dd556f24bbd8e546ffdda8ee6,436
db3f7ea0af19ecef2da4b6d4ed4eeb8d367a282097c93711c786917aad68f9,415
33d8f2ffd1c53f6bd8bb2fad8f46d95c6ae8c264f4c6993545bb1ff95d44b80,475
9eb959eb8ba08d3b28915f82713556cbc206ed0ef9198a0bd579f873f8e15,317
10f636d89970d2ea76edab519e81aa85349a212e4be6306d3a0bcbc4fd88212,385
9c23adfea4ea4f888823cfde33fee917fab13d0aac09537492cccba1a9a873d,1066
bec7bd417064fe394f4dbbb49a6a316a76cc62f7159047f6ac4e52efbf35c8,303
e8ca1ad031383bf5c6e143ef4ab3ccaf32752b11b44f29ff6c6a58c22d44f,274
bb8af6ae44c26e1bc8832e668fedd145fbe4897d6fbd4b40d52f6615d696b58e,815
52431ec7447e8e86ca0841eecb24c8a6cf65c1e4584da33dd7ceb7e05d286,465
7b2bc298f9536232822f845223dfec44c7cada7f3148cec763264884af11b,336
de8157d6f552e12cfdd885667b3d6eaab182864b16f0efd81d149ba73ef130,308
12828d9e244b196da2b36eb67aeaa195c43226c38b126c56d45eba197fa346,377
4274a2f45addbbe499cf1710ba2d21825525cf1a983c0a4fc6cedcfe88534,434
1447b21ff21e6b7aa1c2ea37a88142e6c8c1f1f5d2f7e87418293649ebb18a,608
2511f367a6982d7a13a6e9f24fdb854b6366cae18af23e6790972951a99049,1293
6261242c479f6895a644061192d6ae73e9ba7fe89758e34c5e2cee9f929433f,403
9ab82a3037b87669750704e5babb9a4dd69e4cde2e53a4a0ce88253b61aceb,569
05499ee56969ee927d63751dea07026ec49d1c55bfe34993fd94a48cc647,280
e8cf2ede3bbebe7ca64447f99818231d725245f36dcb97d76b7bfb614b2de78,1307
13f25a2beabf17b2f3f68dc641aca090a22c9972de62bb8763af630997171bb,333
dd6e90b27c7311821a42d6e0ab4c86625414efa5b469145491e7cd14d4dc9ec0,330
59bf766452b8203834b9829e9c8ef6dd5995d460b19fcedb43cdab4139aa20fc,549
6f925af4ec6116537d58d4f8c3e8c64db37cfb53c8bbc538d866e6d1211cb1,307
323d6d9e265169d166dfee6db11dac754b74fe5c159644fc2597327fc29c4b,476
2acad81679339f40da53fcff127ed8402924bea38432a71dbbe551e2efd98,290
e54aa17f4e0b37e906011c74e8dfd118fee087fe96d86debb2cd34a91191,1090
b9deac75cba467d037d4ef9a8522a94f97668c294f9b1eace7626eeae6ed,309
a2c13a0878228176bc5923680fdce624c26b4110ed3eeb6c4d13b66d33a0,312
3ed6dbd8b2c5d13280a172e553280fe8772eb7ef5c34e856deeb0468142d324,401
1e9cdf1984baee67c6ed316c8e95f9ac26136bbefd52d12b83bf45509938b,374
7ae9b943ef914fe38536ec5c6f8198152d6125ed892441a13ae1fc87de6e657,300
8c7eca9af554989e65f83554c9a95479c463efad1e2a5c4399f965b9f4a8c2,1212
6ae84818ac9f42543ffae39d5fe4e8f6eeb50c3afb8f9266daac4181991a1,317
fc8b454f467c44b7d070689acac89729c4dad8d61c38cbe1b746c4dad24bfa8f,371
8dda2db6c7aac3d1737536c673bf3413d19e3913e761fc54d84574be6a35,400
91ad61323d38d4d1d3d1c98468bff73e68376cc245a585f89c8dedadeb4c6c,306
1ed51145e176e86a49df43cf77f5aeec579256474a8b9674b4fb875dcf64da55,272
34ad4e634de21bae8a4769777c745f411193f13aef1238f5b2963759c8e7c,323
d5441d1d15c1b238fde3e1dc5d6fd18c2e69479258a9c4485289a0e8d374,520
a5c855dfd675ce565a399cbd79f7b48082db5873c7ae3b23d062a9feab36c79f,586
3d9a3b268cc9ef97f23be67f7f79b8fcf45ca9944a1bc17a1f847a848b1d5ba,1299
aff626ce4d3bbe3759516e4bee8fab7e37656ba4ab5431b6344cc075628a6,448
74532ae7ce5db4d79d2a78a3d6b37c57b2717adf39d358f432d5b305472bc2e,541
4a639791aed1f885b5423f6dfb44969eddb5241ff5619228807511d491274,324
696071a6e945bf8de63da4ccd88c22434f806bbb6cc9a5847e95090793edba,917
4d699a37db14317a6e5fafb81627b8c512124be73bccae69d6ddbe6989521e,357
d65dd4ec551e34138c4a305d19498a1ac4fcde18bf4ccf358b19daa1d7f8b43,339
472a26e23efd3ccf61e9b84dd1ad3d762f831b3ea567ea58c257e5c11,291
30911a2aa3bcd5dca44a9f780a2ebf2aaf53789265dc08ec7bae5e1962cf1a5,952
5a7c9bd3b9d91b567e12d272e812fd1c42016a4e28b4d3c8d6f7d6d970e9b,464
87b215c3c335c5dffa727ddec4b65bfa730ade6a6b2b3620b9d2e11d1a8aa3,592
cd1c64f687ca6c4f379d8dd04e6a23586a6e8e1bd188bd8a0f5ff424b1e184,1147
49f797e52ebdb8c28d4da721d20d2ecc6361cd914abd29cd841ddd1edaac9,281
2f8d1c4da39e9d42321d44cbd3ea1676a7faa56318771669b968f1f33af8310,283
1375afdbd0f21eab64d68a965f40d4bb356b6eaee726fdabc48b20fb3f2d9183,270
b87473d5fa67f814fa5908dd4b112ff1783de06a88c4171d5bcef59abe88a,350
b93678846c2a577a4b89a96d7051338298f5e6a955c3b3c930c76b9b3570ce81,1213
df8f72e4519e5a79adce8786f193afb2d767a66c1f76d77eda461abbd6060,461
20cf6db438dc8df97caf8a2132b2d83a1346a8a9f28259a6cad7835c953fe9bd,299
27bd89f2d0a654b459732d428deed7af27fda6135d120a2d12685891fb572,322
ed79d02240cc21a2f1159a94d4e2e85948b65726bc91bd55a0963218bed7b2,655
ac2b477f23dfdaf4b6dcff3f14c27435927e4236cb8c1c753c78dcdec8b1db,312
2afb302490876d5b17b3283c8a75d6dcf9764d9a32e34547e3cb61cb63ef9c,285
b121dcea4f7c9bc2b145ea2a126c11ae0cc2d5883f568eda7c45891ae83346,369
2114fc81766c5cc4ae4367c3f65e2b64e86a924abb2642df31c7180d097adec,366
a1735890d76ab644b32edec19d6fbcb843926f8dbfb35802248983d3e1fc84,346
76227b26fb5d5b66b3417fb8ca66c73a5d82f793a6e7e1226a0e984b4d56ca0,393
3a1c4f326c5736ef8f528162a1ac484275f684b093f491fb64bbe82eb1ab3492,336
1566f13eef992beeed2ea4a94798e2734ea35a1faa8871869da0277672a140,281
95690eace05c757527ea1d75dc1229865a13a15577a1fe96bfb438e5d4645,512
d854be5ad9f1cd5d4d57a21b5592ff293b61b9c1473eec718de7f6b55e6f0b0,548
8b886b32e3c0615eef28384013117ec8d91acdd4b4bb98dd94f865a8ba3b82,617
b9c14ed1e72f9baf9abbb5898b213f565fff286990761143ed266570ae5e,630
ae394752bcae2e26faf3a5462a3325a7f28e8f88bc8c13cb43ada66fecf7,328
a3f9e8731302fa6e97071722451e8152e1e99a9a077d4f9f6428ae4fb3ac23e,1272
e971f5373dcb17a6cd5e42acbd1799b728470ee53417eb3cc5d8a9659e6312e,1288
6b6cfbdebbd98e7208b31a4506d57677520f214a4c5f0d93e344fb61c847974,858
7bc8f7c09e44e5a41c77e5896cac1b27a5bc74e19febb888d05c32a69ae46a9,422
85758777e6a4a4327c61b344caff82917e45a942f11ea8cf7540df30bd350,401
6695bb4d7c1563da54aae9b39271fb5aef14f23fa245f42afbac9e4692229e,329
2c11f487e7be6028644b78d045f6144d8830f9154d5661caaf78b96f5d903d,325
5efa9429776b9b85d5eabbd9b4dbe926dbdf7a8a94ddda62141ff31e060d8,298
77ae863423536361e4dcc8fd169bb1c2f45d472348c54334e172f91ae5a6e8d,1297
60c5cca0cb6e6f9944ae25fb6d68c729f377146b2a492a8784bd59b97745c6b,388
74fc73b48ae4e70421d8109a29a14a3a9bd1dadb8737258de37ce8accdf652,648
ea547651f3bba9c09b471a1187adf138e3875db4942a11d8adf4d3d6cf2f79,416
4371a759a6ac3b7650d89cb78e637c90989ede848d5df53448419a4a4a7f0b7,277
a95137e46961d737a7ab6c37a594f780ceb415f829f5f84ba91aaa9ba31c,426
82afdb7e2b2293c41156803bcadba9a4b94e83d3fef4a7954243f601968423d,286
88be85eb1d7ad3b623c76b82a9d3d8a2d248a037da9def874c3229e154a894,384
3333365d4ed02cddc86f17b0e61e36728568f394ad2b394d4e177dccaa7545c,342
cf37f88f1928d6d86c3c814d4c928186a1689577a3c18aa565333d1dcfd75771,334
76a48234583ccce6acef5eca241ebd55ac2b1c9d99c84fc7f927f6da5f,1294
ce8d19939e7838d342cbd8e174c5e3aba4324b562396cab6d1954844b4271,544
b14589dd753152eb938497d2971ae5f19d29270ca9ce6b0233828ca8bbc936,623
b3bad64f89b5264394ef1773be5493fd2f8db99a6f88bac976edb453c554df,296
222e388c74b35c8c801adbebd8ae54c15b5b63db90939a0812f67d477ebac,451
ae8449cda52a7772f9a4458182d2b5ca117b7189108b4613f339efe0eb17bb8,350
66ea3d2799ab7335b2874f272ac5a1227a41177316aee81dbdc5d0365e183725,360
8085723289c9ec5fc2f9166f96872266b201ec926478379eefd55cb638380fa,638
eb8d3178b894fc408a257d1140a6e824562f82cb9886beb321a2581c6f2da94,455
8b17eb4b55759033aa49ebbcef02bb45dd55dec546636c7e9a6a60bbae8ac7,443
7b49d754dd2446c2be4f8fb9146230779c3b5b785ac902d20d55d5880303222,564
206911bfbc43ce82cf447c9a3847a2f8bf9e16e47955cc4b7252050afb7a5e,530
5728a765ef355aefd4412a66ba8a9d81153c5e33962a6087c4b76be5a6a74686,318
9dbbc9fc578ee99faa2f64b258bd37ed1516c9949c5f36acc16de7b495d6d9,420
2943ece3976337ca5aa01c57282589ae9efaea5be4b9411d83f7c82cbc1b366,547
27223d139a7cebb57465f9e76aa6d59744530938497fbe9221774f33c5b6a46,370
15622ff26ced7c8175d68bae293a42a5f2feedc9e29d0f7f2c5e3cf7e31a,291
8d5b46288ae5dd7b5c7eabceb224b555456f13d9f8ad62a3ca4249c357640,307
cc7436d66ad925fa142819865805cadefeb4fbf6c3b2285576321ab97cfe1,752
fac43371931f1993a843eb5592161cad8e8aa65f8284e67e3393e9d4894fd,443
67f7dbe68b54d4c3597f68ed940f0cef76a524522b57b70d7437c50f91db3e,456
858d6cf27eb49531e133eaa2b27ae366a847b85102955eabd1222d1d222a444,443
2189f58a9fd1ce9f8d3c225d7299667762d3a1c4ebbb7f56c0734aa727eacec,324
a4f890bd5243e9b450efcfc68c15223b0c2c94bb78f7decdc27cfe7163c,483
f5127de530ac48c4e037f95504dac9d9392ef6eca46baa18975dc1159f4ec9,1120
e94cf08053125994a76ad8734c82e7721da87137e4a798a8586b818c1c1ba410,461
266d923bafc019535adc698a5950fb1e134fb67b298b889d3cc8571ab705a2b,314
75d5a168e385a972d0040f62d4eabb1ba4f9cb1119ffb212918a8ba48e841b,310
cfb678eeaff725e61cce3341e8804db22ecba6e53bfafe67c85dd243f692a9b,331
d172dc45243695f8dd72d4d99d9554f54aff6474bf9b4ee298227ee65b7e1b,438
a59e47874ae6e79525bd5568d9482c686f41bcd26c24905195af4619904c10d8,1188
da14ae8bf863f128b9a7d7ba0907f2b7f98c5bc53a679a82aed8be594f5,1038
c8ac9015df3ebb997d6664594688dc1c30bdd840641523737bd246c4ebcd3a18,422
6f6e8e24a7b32529d28b73b021acf67cf4ab181742724ca5f1bec61748f9da3,491
2a7862e5ae44d6cd87786f4fc821ae3797ba76b80f73c524a3896615c26d1,683
a1d063182734346e6ee7a3b5d59056d31ce5d88b99c97330aa3159d4102259b5,294
57e2b68806bac6631e9fe7eb52583c2f96447b7eecbc6417550c86de9e7a2,323
e6fd7324ce13523fd8c1c8c34c406caef4bfae6f42c3d0f99a79ee90e8723,334
f2b51b49e2b383313bcbf45b44a2a17a425585cf6be4648632259de74ebddee,328
9f936ffa49c6f9ec36ea2dc6e2f8c99baa4d2b4f9cedf56686cdce661a6ad3,426
687f12a3bc58cd2a8f6dbed8da2592ec53c8e53e4716386f12aee568e0a8cce,1244
ccda89a0dbb637c9c44efe1d71aa33459156a6615af46d5967761ddd18897,589
8ff9d1d44fa7967e213867543c129e42ab3ac2c7a9bd1d1476e686c39db4b3,1136
f856ea91a877f92bab78b23a11e5c99a533b2c3f947dd1552e1ba52ae323bde,271
dd2324e6c39560b215efebec13cdd913d53db33de3b6fd82c85c23dbb227c1,314
8199cfaf8916c2dd27ce5f901abdbfc79fd8179dcfbd3ef636d2e92ab42f064,1064
bbf2bcc760e8e1fbd74f3a2eb4fe14beadc177864587e22b09cca54ff9c58,446
24cf103861ab78ea74af446749d84a68f3e88dda5b92eaf71fb9b1e3abc,1288
bafe6e41cae4e15c65fe87bb596a485ec4bac587b24b43de84c8b86970867,287
33b065296f43edec9848ba2018ff105a55695c29de219e32864db1e30472e6e,363
54705b80138aa63bb5c8865fe15b132d0b5ddd8294ed6071376e43b9f2b855,295
f7b3e880716c7f68a876517b7a874acb8866fd397c9614847db458cfd975,509
7a8a64bdb6a678cac92a449f662dab523a49946914c3363a2ae2a2cb8d66d,280
b5a31134d14da4ad8be2272d9ae2f71bae8358d6ab3ea2d3f49b646473244e8,282
c636dc3e4333cfcaec9e1eb8d3ad75e1030e77bad6e854241b564e242696c4e,1151
cc6517125d139cf3e476cec3f82f322a1f6b872c4a5da648bb66483ac355bd,532
a69b1dbc4477c219c0407f3216995bb1ff54d1fa195ed34a9888f1b8da765db,273
35dc4918de62d3bfa43a9294d1e5dd5255321e0eb7ab51b6dd9e6b54b8b7,850
b28dbee32222cbc8b4706ce1602b9545ad27554b24ab9c4a83e1301d92395ddf,431
528ccb968cc324ac8a6951a9182b24bd9802a6a4179c486a55485d3e82b97,270
174045ab34db393632f9cc7aa5d42ff171a06cbe67845425a4c5d2d6da64e4,381
1bc97bd0224c9fe0eaf758f1b3f21e43736da7ebbdc13d7a3118b98f64f4e5,349
d71c7570a009fc320e075e1efb480cc1b17278df51418eb18d1c148a712f662,446
9a65e84b6cb36319a7d72ce88e4d380b8eca2ee66ecda856c6e4598d0fef57,288
15ee7345599b6e686a8e2258a317fdad79f2aa8e361ddecd5ccf6c35e3a4ff,341
cb7ee6e991dba83fd776b617daeae5b9c1447346d4ebbd3355456e1718b8b464,339
2ab936c3c884aebae4d76d16a6f8cc19a81b948ac8810e6e562c8b927eb911,527
c7948c6170d28132854193b09f71fe3fcd9344bbf4634b76af6b78cc6453f923,447
5726e4edf1d633be8b9c047f7c9455f379bbf5f141b96b3c1aa0b6e530ec,517
bb2c9b306dcd53f7a43eb82140aceff18f954b23606dc59c3e75b3262b1baf6,402
5ca0afb681f89ec45ad2638c817c124a8cf094729b304d4abfbdfaf95c180,487
e13646eb9872f44aa6f41d8f10a5b423748fc83ab2e3d4b3b1cb17de484,932
f08f4a7fc6551c171f72a06cc2ad3c22bbc45811592d44a95fe8458916743f7,625
4d715df188de14e64df711b9e024fe51f0ddcb866c6a9403f7d3afd1e1a,365
ccdbf7825a82bd7f43bd518ee39692b2fd8a1490b182192aa0fa4115c2b7ee,490
7ae09471b5bd9076ea957a4d61f21be3b19c2da2d737631e9d8485c264ff,423
69bf346339b0cca7791932eafe6dec4cc98a1d6d31bd95f253ec676252e5,339
a0ac1be911b4a9733b9d80e2658ee7a483156d1913abac9cbe75267a61ed902d,470
5497b7480be28a4e0da78ca92c05049fd9b6e68c781d12f124bf6c173627,292
59763ad38593aed8f422114f1c381f5a9971421a9cecc0a91f9ace5b6d6e18,576
59f0dd46ebbdfc68acbb4a2dd4b49defe212663da5effe67e94b9298b9c3fc,362
42c1d9b62ddcfb63695a9fa584161cdfdfa1aba9a15b461b17f9c6c254dd,438
3f18d5c262b0f9301d8e6823de4ac2d896a5d23916c13a808a974782fb3d,519
aadd556d8247fe70bd243d723af380b365b9bec67d8ad297ed3504ee9302e9a,321
7e7770b8286281966ddf27c03a68fab28486fa1402aefe8dfef92dc3994fe24,341
f589e024563a342d99431b19b033d11b5217748baadc993dee8c8e3444c5f,398
5a68b1ff1b84ae823540473fa7728066a7d5a710f3c6cb191071bd2bbb76e2,285
cf4c3860b61d6764723a62daf036ce57c9e0dafb838483cd302fc6bd3b9f1d5d,293
724d96bb33b94930a8bd7a36ab48de57bafdb68cd6bfdfa6e245fcbceaca4239,427
7e7e41340c764d9de5f49eddfefac1cf018d370fc24d5736bcd1af09f2ea81,499
6ec1c49f9657c9204c258623886fdf58d90b91b44a3de7b1142166e2c8a9d3f,328
e6d783707d9f3282adc9d9aa63a991ca35a0221178ab839c5b79fd31ab1fdde3,359
3c284a32be2938143cd8bdbed613e862a30a46a8ed4abdbb8a1d77d978f3,353
51911fddc19c475279d63fc4dcd629176371e3e3cf4bc6a86124e9bcf1f2e85,528
68d82fbc76132aa78cef93b458b98d19976170dd43b6ecdd859df4da1e82fda6,278
66eaab95a6ebb6ab7bc2a46d7dd13c18fbf364f07ab6ff191247cd4da32ba,546
1d77891f38f662182ad9bacd2f45d5673ae8e45575f1c8c391f9c6652f149,490
b6a65621cedcd3acecd51fd63d61cd962db10489ad82d2eac233444a8f2bc,540
3d9f2c943dd6bfab7fa481265cf86a96298fe914e949ef6b67282432959bae,366
e1262b206e9d34f021968f1b1fc749862f51f27f3f4477f34123072e79739ae,349
7443ef532deab12667c07b223786f667d07babdb862d3aa24abbd69d1b3a932,505
31d3c9e9eaa5e86ef6174b88019bc8a9666bbb4a3acdc79d27e5267b1f8dea,442
a2d21c471cc3309f388dfdb5e7338689fcd2d8c5226e55b583e1afde345f8,332
2ef1696305f5575284559e84f7e2fcb181badd4e4fcb880933dd6f3e950,346
12d8961f899e97e7b8661043f2d0528cefb97e4abcdd887ef98c98a7540,522
bbce965b630ad1c1f6643ade54138e0625152219ba21c34bc0a717ad7c76,270
f09c8cc7e4d814169008a38d83f199aba3fe51481ecd8d372361b9fb2a5ba,1041
4fae93bbfa994fd083668f2cf1467f3df8645f79d28ba4e84472552707fc38,410
628255ccb294a624eb94524f76a2143deeec30b66d91ca0f86b942261ac72eb,477
15646a5192792c599f80f18d459836b5b99424339720a9fa7fa67599ca5246,1279
3e37b7a4f724cbc0198cf2b9daa55238c55af8b2dd1526043cd4553798ccd,406
b138e14bc35e64ed63e40f23ad973b43dc3e86d1d3eb8ff32a925443d4955,419
8664741cf5be3561e0e21b8dde781459d2731a6c5926fdd97238c9f75b14aaf,1089
6cfcf59131a8d4d1eccbc2e046e94dc6994420d128c790661f24215e6b267222,1260
337ee768b01cc8c429c02da49a825dd1718aa84d19848d28c1309ee1af48bc,1308
9cd415198e7452cafc1c0c912862978a2e5da22ecb33aa543a898655c78cc,327
72d1d7bef8aba4f6f4dd19deca715289e865c381bd5d132a9cef895fea6f2c,320
b24e6e3a415edd4905f0b3a033f1466496652a8293897d0edf0dc386cf5,282
f6983e4cd48d112a25bbcf2a46eb169c15c73c8baeb6b1deba68722bdc3a4ab0,365
1674de1ca256e1d3195c117b58591e1e99288cc199cd69bfc4d2974fc2638521,534
5b99612db58ce57cd32c5f74ed78ff823fe948076bc8075d8d47d8cdfb28d19,281
2fc3b039e7d1f06bfc69b68d2a692f8aee64de7a3cd3929ac9ce71cafa4a81,294
92fb6963a36bae9e6767666b57e8f3e252cc389885acbedc47d05eecef3ab2,476
a8d13dc2b334eb5402b57c113bffa14529b3e89324d104639975ec108326,375
f344d9993323924e76384765c13aaf15990e50bb219b3c3989b7ffaed822e6,321
a29f93f51de67421bec691d79835d7d3dbf339f748e50fd51c90558b922cf3,310
e8b26cb5db69e661b9e9cb93fce48da477229edda5753b9fee18a5e89d1a8,360
b7da8a9931a94460fefbb1346e527efd721fc898cab7b19080b7db5146553,334
75f41f7d15ff4df87b03955413365e1c48b757a247f10838d221fd5594619e,289
f6ec18511f6f5b8afbe3ed3a877389232e424e9e0b895deed83be8dcf6b7f,334
c7b3b6bbfd4bb586162955fb171caba927d8e5fced5cd0738aee1dbf4ac33,550
2decc4a09d87ed8ead05ab252238f49f8cec40394f425a58f5d823b582527c,614
adeaecff1bed6daac81fb876ad9440db404ac855a1d6e889435b39736a25a,600
ff2682b6b65efdfc3c74e12edb15bc3e5ed621d287a8d375afbfe51a19e3dfa,547
f51739e9071383b25e89963ba6321621ddf662533ffaa20c4c95eb9fb683d38,462
31511617f72bc423aebe5415677937fdf0b8af4592dba30c915ae19babe3,523
18513f76d503f90bca9a5ad9452859426343156886e5cfc4fc88030718c93,315
3d1fa532d17835113a1fa03830a37b3c6c494f75cca043e798ca1c4fc8994b,470
fd2bad271fa0b52b9e843894549eb74a668a4dea748c25a215623578b4f8b3e6,322
d0301eaf4e876180cc5b8b6c7d81d8584527c7a75a13e55c8cd62ca2eb730,494
6f492396e4df88b9681265d94a3ae49bde8907066ad4bbafd4e829413e7f4a,314
bee774b67b39c569ef87d76d3548821c34d5cfed901dee5d672848fd55b83a,468
d1df7be3b8fcef3438c4f537196bfb231bd67a621e8236934a3476da645d131,294
d5ce3792d0e54ac8f446bbe3c7b93e40eabcc888c79e802d908c13bca03b4f,719
f4df7f8db9724d14a3a8be5f02d26ad78b8ee9d28beef1ec5852723f08fc659,460
85ec4594855e7565a6f2a4a96011b8781b89437e2e67c96c9d307d7413a5caf,435
5fd52b13eee43f6a9cf731c6befc19daca853c337c9a338b368a3b67f2950ca,411
ffd7aa7a9e7e364795b539b1bd26adf61446703b7e6cdaa20c7673f3c7f16,498
86777adee9d58784a6595a38ca4da21c2ce77c9f14bef8de7abe6b41876fb2b,273
f0c7fc18e0fbdf7bb840b95fbf23f2322866ef37a5dbfdbf23da1a514220d3,402
6d5680cc67842d4efe92e84cc1dbc64e6b7f861087a1a81a3b1ca5d3a6db3,371
d4682cac67b0917d943d42054302153e5b26c23cd47f68c2c207fb2f6bcc5,306
747bce87698523b1569284bd2fe9b264c943ddfdfaf2629e03357bbb5790,463
9cef17df478ec9bb63c988e597a1191129d82565fb9334bf1f9437ac527d7b6,443
ac87a1e61629af88bcca15cf8ab12cc6af940f0b9a5f05a704a87c2f48cba4,292
a67be22f17a2b5eab95327ef3668a8ffabd621277d6bba99b1d727f92c1aa8d,396
ae5b2ff2afd98c47d6953b1662e9916b2c74fa70156a2376dda19b33ca259,355
54d1176996fa211669c8ea8f11898c94da0dea7da60906bb1794189ddc12fe,346
fdd040c178164a6aa28d1def3864528892014ba257b16b39cb61ba9737ce4,316
b7d59decd372671abe34cce75a1a3149599342b824d149b33c2e04a408f59,364
a93195f448147dba20d0f1f019c2c248a27d90d5bb22c471d9d8f47ea46ff4a,1103
c25190e1c9abb1dfc5cc293b3a9f13411e7536e1fa546f1ae1899c6722fc1441,1299
1354e0844c8ff45d35bf927d676265cdf3e281c9ea75e5c5b3334dd7883d9a,560
ca53ce12d8a63822b585966ea58b7a62527e0eb4c9ed7f18ef5d7596fd6bea5,293
6953a928966ea3fe723bdc5afbd7675a8fd7524ba2d301da378c423df648b,386
18511df6fa312e62c6d3e1b59942caa1fcb096e78f52bd20fd2255e805c,546
b163775eb2911e316c3986e1cbf6279809ab647bb7b48e1e9ef72a5d85712,561
153a5bb64fae617c6116ecbe1a757d228dda1a87c63b3fae2a5c68f39f3f,426
5cdd19ad09f231438fde3fb14ebbd828d704fa1bec58093d5f33375f64a5e19,637
b3c79621c234d545b85ea9031ddc5fc96f757740fee990385bfa265be8baec,1306
36c56beb571a2806445804ee12b89d63871261f11b25bdd877d99671243d67,293
6e42671ea17dbde33f563425fbb1378c324a5697522a2b57234a8ca41e7deb,526
6669d193194603bad1c4dcf16ed5be3384eaedd8d5960efe4f029db7b8e6b70,390
49f9d76cb128465315f83df9dfbbc7ccf163dc56aeeb96b5e17cc85379cb31df,506
afa6ee85fe60b9574f4e3b9b802c2426fa704a7d21ea3dcdcf9c3ed9efd2ad12,612
6ad6360f02e518fcd671ad5c1f9bb24488376ddac05fc58761aa903570a7d7,510
d0f9405bff6472ea148b7fd2193144f2399fd8481e3cb5792a1765db6e55875,557
f5c83e4f92dbfc9cebb98ceea964d4fea8938219f3d7529a9e9441d2c94f3591,377
f6d1bb040a55910f4c0e38dd6ad0fbe222592e6480f3978922662cc68baf,319
2825982e90f3f54c886cfe618cbc37469eac4092224e208942c0f3e32afacb,475
9ba267b10379151fda7eb865da3d5911967508b7c6511312d02215cbef1ac6,458
dc6f3af1e2bc806b2748975549067f745138d7cc254ef9efcdb90b78ddbf894,442
92e7569412b5d35cadaf92613b2ce09483c1bd2c66628dca9a7433eced2e23f,536
272a535b2535573427ddf1d436f07cb710fb439f363fca62fa53ae6af98f31,271
63acd054ebd55e45f2ca84c827e8f0a2d3606c127b423c1ac4d97205359b059,773
7334734b4645f266af11f8203c3c443344a884aa81b9cc059cd45c7f976ef13,1275
69bf3a927b7e73b54e408ec86b7a266658b38a73464bf2996964058f185ac12,1337
3dfb31b13f5298b3d69811fba393bd6b7c7c712c249bbbc25a4f3296336a1c5,769
3adb3bf9c14b1d7876547f8a73a47ba7d8b1240ec52c36fc96e84b73b3e00,339
425d6f7da439dbcf5886eaf23ccd2a892727b6ec268db6a5d5dc2747622cf347,369
3b18f46f748856a8ca60a01ee816b0399d6f23a869f53e6f4ecd73a94431aa5,405
3215ff59ff1c3d772fb4fe82bc8ca2a063e1ecac9b9fee9d81c9df032b7ad2b,628
5ce85ac0d7e73ac6f7c53cfee681a8ea9692c3b7caa6178c0f9ad08835eeb3,475
d0196c36db7bf88c8f14a38c10fc8230744db54a1bb37cf69b23e7cee46b3a99,419
11314b6b877a6185f9d06d474b236dd7b585e890f87a54c1bd4633a9f296be19,796
e32ca4e90c5a531b0c980b0f74aca2ce2d786cc5548e33351acda0223e69,350
c9a2dbdcc38f60684546ff103a6d7363b5c1eec8de40e785c5988f181a64cee,586
61af932915dcf6587a29eda6b5e903c7eccdd4a1be8c688f91cd3b40f7897e,291
f489f9319619d235a4cff6dc8d5185dbf725245841f1a46a1deb88ddbd062ee,459
75d9e5d043aa0c1e2d7551cf2193a250e43dd03ee178515a9d6732555719c,759
782da7eeca9fd51fc725b5b4c219f4508ccb8855d5eef2d2eeddf0ff277ab227,391
412f77daa9ea15d7f9ba765545b42c483e367a0556694db51bf07a8c7336de,337
a1255566338aa61ad4d116dea8f84a9b1261c31925a56354ca87592952ec4,1282
3fdd8366e8a961a78fc6202320dd46f0ff827c7d44d1c15cac643c29d0cf73,280
6fc23fa1cfebabb29f3fa5f1d80ab0ed3bcdf54be8beb76a8afc70b169b61,290
d935891c994765bb51e6173f5cd1bb65eac69552397b355860e9a57b914d45,1302
50112f4ab974af2fe1d4c184a275cc0e21ebc12fa44c255234f86f3fd97bfd,551
bd41a039b187e7a2d8c8dc427e3a5cae9e753e59caecebd7968cfd51e59,358
8dcd9eaa3df6905a81aa2c56b937251a7c7fee7e5928222d864844aab71434,273
b5dc1640c92ff8cf8972186d0ad80af3088237e9dc6d35eb097a6595c8a12,321
3e7e4429d72655050daa53fafe8f366a8c4abf464420c9454dd85b4611e04d,470
22f4cfe2df48dfbdee26681a63423a4078aa14fbb385f4a5fbd5be153f08456,554
55c7f83e5e47d3bcf4983bc326f77ca475f13809c636224b0af837ae8931a61,587
ce210a3d3ba6a6669c3ae5808ad2d22e96b6f02625c550ceac405e5339a24b,315
2b79c81dffaec38b8a467c81f66ad47322ce2c6245b4addfda7f08982458a5e,284
459fd6cb9e13e6a7731569e9198d649f66f64555c4c7495259b6e6ba6a985b,527
b6b0d1ab839ef2aea3162c5782721e91d358c58691ea16e30686e3d8294b227,653
4d9b495286025f62c4a3ce31bcadadfcfdaf4c5386a68e52dcb3f79a692868,739
8efd66b49969fddd6b8d9a366138aaa897d891d9c8632f75650df7a82963fd8,277
7d10effc20bba05c36c54115a09de65e6d44a532c1412327992ba0649166bc,1015
dac0ffada4feeefd9a284fd0181553e677d8fcf2d821d8a5ebd8cfb7a134c4,820
dbf48acf31059a6675776fdeeee3f4cceaf68fc39c245cf40f27ba8ab830,278
cde0e0b3a0d815f9764ee6c6609644c41d441da0575660dc90c147c5e047dc,536
8bb33058417a5cb93bdfd3ef8e0f6212fc762ff8b7a6653b3df5266a438913c,985
1121934392b538481f55e2e5badc28e01a521fc2c689125623305f707a977638,427
9079949a3ce1e46ccbed20b7be2bd747323aa9831233f25ba93b431bf483b17,366
5b39f85578a266a228c61d6d9de9a8108a1aa1811cc3a13c619430526ba0a3fa,333
d077fc59e22566ebed356e3a8a37d4bea4114ab8803a1cb4e245e9b191b7a6,458
5d0e691bbac934127b05a984488ef671eabbef1766da73eb7f6c8c0bb207549,295
